{"stats":{"minecraft:crafted":{"notreepunching:fire_starter":1,"minecraft:crafting_table":1,"minecraft:spruce_planks":4,"minecraft:stick":6,"notreepunching:flint_axe":1,"notreepunching:flint_knife":2},"minecraft:killed":{"minecraft:sheep":2,"minecraft:zombie":2,"minecraft:cow":2},"minecraft:dropped":{"notreepunching:flint_knife":2,"notreepunching:flint_shard":2},"minecraft:mined":{"minecraft:spruce_log":7,"projectvibrantjourneys:bones":1,"minecraft:stripped_spruce_log":2,"minecraft:grass":4,"projectvibrantjourneys:twigs":4,"minecraft:grass_block":5,"projectvibrantjourneys:short_grass":16,"notreepunching:stone_loose_rock":3,"projectvibrantjourneys:mossy_rocks":1,"minecraft:gravel":60,"minecraft:dirt":5,"minecraft:spruce_leaves":1},"minecraft:picked_up":{"notreepunching:flint_shard":6,"projectvibrantjourneys:light_brown_bark_mushroom":2,"minecraft:stick":6,"minecraft:leather":2,"minecraft:gravel":51,"pointblank:gunmetal_nugget":12,"minecraft:flint":7,"minecraft:oak_log":5,"minecraft:stripped_spruce_log":2,"minecraft:spruce_log":7,"minecraft:string":2,"minecraft:spider_eye":1,"minecraft:dirt":8,"minecraft:rotten_flesh":2,"notreepunching:flint_knife":1,"minecraft:bone":2,"usefulbackpacks:backpack_small":1,"minecraft:iron_ingot":2,"minecraft:beef":3,"notreepunching:stone_loose_rock":4,"alexsmobs:maggot":1,"minecraft:mutton":3,"minecraft:white_wool":2},"minecraft:used":{"notreepunching:stone_loose_rock":3,"notreepunching:flint_axe":12,"minecraft:bread":3,"minecraft:gravel":51,"notreepunching:flint_knife":1,"minecraft:wooden_sword":20,"minecraft:dirt":6,"minecraft:crafting_table":1,"minecraft:spruce_log":1,"minecraft:stripped_spruce_log":1},"minecraft:custom":{"minecraft:time_since_rest":44057,"minecraft:sprint_one_cm":64748,"minecraft:damage_taken":20,"minecraft:walk_one_cm":69980,"minecraft:mob_kills":6,"minecraft:drop":4,"minecraft:damage_dealt":492,"minecraft:interact_with_crafting_table":3,"minecraft:swim_one_cm":33003,"minecraft:fly_one_cm":54663,"minecraft:crouch_one_cm":4841,"minecraft:play_time":44057,"minecraft:sneak_time":1461,"minecraft:walk_under_water_one_cm":2221,"minecraft:jump":507,"minecraft:leave_game":2,"minecraft:walk_on_water_one_cm":4131,"minecraft:time_since_death":44057,"minecraft:total_world_time":44057,"minecraft:fall_one_cm":8424}},"DataVersion":3465}