{"stats":{"minecraft:crafted":{"minecraft:cooked_beef":2,"notreepunching:fire_starter":1,"minecraft:oak_planks":16,"max_armory:handle":2,"minecraft:crafting_table":1,"notreepunching:iron_saw":1,"pointblank:gunmetal_ingot":1,"minecraft:spruce_planks":24,"minecraft:air":0,"max_armory:stone_long_sword":1,"max_armory:stone_hengdao":1,"minecraft:string":8,"notreepunching:flint_pickaxe":1,"minecraft:stick":14,"minecraft:chest":1,"notreepunching:flint_axe":1,"notreepunching:flint_knife":2},"minecraft:killed":{"minecraft:sheep":2,"minecraft:zombie":3,"minecraft:cow":2},"minecraft:killed_by":{"minecraft:player":1,"minecraft:zombie":1},"minecraft:broken":{"notreepunching:flint_pickaxe":3,"notreepunching:fire_starter":1},"minecraft:dropped":{"minecraft:gravel":3,"notreepunching:flint_knife":2,"max_armory:stone_long_sword":1,"minecraft:stick":16,"minecraft:flint":3,"minecraft:spruce_planks":20,"notreepunching:flint_pickaxe":1,"minecraft:beef":2,"notreepunching:flint_shard":7,"minecraft:string":11},"minecraft:mined":{"minecraft:crafting_table":1,"minecraft:torch":1,"projectvibrantjourneys:twigs":5,"minecraft:grass_block":11,"notreepunching:stone_loose_rock":3,"projectvibrantjourneys:mossy_rocks":1,"projectvibrantjourneys:natural_cobweb":1,"minecraft:cobblestone":2,"minecraft:spruce_leaves":1,"minecraft:lapis_ore":4,"minecraft:wall_torch":3,"projectvibrantjourneys:bones":1,"minecraft:spruce_log":10,"minecraft:stripped_spruce_log":2,"minecraft:grass":4,"projectvibrantjourneys:birch_hollow_log":2,"minecraft:oak_log":12,"minecraft:coal_ore":8,"projectvibrantjourneys:short_grass":18,"minecraft:gravel":168,"minecraft:dirt":19,"minecraft:smooth_basalt":3,"minecraft:stone":129,"minecraft:oak_leaves":1},"minecraft:used":{"minecraft:chest":1,"projectvibrantjourneys:birch_hollow_log":1,"notreepunching:flint_knife":1,"minecraft:torch":29,"minecraft:dirt":9,"minecraft:crafting_table":2,"minecraft:white_bed":1,"max_armory:stone_hengdao":2,"minecraft:spruce_log":1,"minecraft:stripped_spruce_log":1,"notreepunching:stone_loose_rock":6,"notreepunching:flint_axe":31,"minecraft:bread":6,"notreepunching:flint_pickaxe":149,"minecraft:gravel":127,"minecraft:wooden_sword":31,"minecraft:cobblestone":18,"minecraft:beef":1,"minecraft:cooked_beef":2},"minecraft:picked_up":{"minecraft:crafting_table":1,"minecraft:leather":4,"projectvibrantjourneys:birch_hollow_log":2,"minecraft:flint":17,"minecraft:oak_log":21,"minecraft:shield":1,"minecraft:lapis_lazuli":18,"minecraft:dirt":46,"minecraft:string":9,"notreepunching:flint_pickaxe":5,"minecraft:wooden_sword":1,"minecraft:cooked_mutton":3,"minecraft:leather_boots":1,"minecraft:bone":4,"minecraft:apple":1,"usefulbackpacks:backpack_small":2,"minecraft:beef":6,"minecraft:iron_ingot":2,"notreepunching:flint_axe":1,"notreepunching:flint_shard":15,"pointblank:gunmetal_ingot":1,"projectvibrantjourneys:light_brown_bark_mushroom":5,"minecraft:stick":29,"minecraft:smooth_basalt":4,"minecraft:torch":37,"minecraft:gravel":143,"pointblank:gunmetal_nugget":15,"minecraft:stripped_spruce_log":2,"minecraft:white_bed":1,"minecraft:spruce_log":10,"minecraft:spider_eye":2,"alexsmobs:animal_dictionary":1,"notreepunching:flint_knife":2,"minecraft:rotten_flesh":8,"notreepunching:iron_saw":1,"notreepunching:stone_loose_rock":8,"minecraft:bread":6,"alexsmobs:maggot":2,"minecraft:oak_sapling":9,"minecraft:mutton":6,"minecraft:coal":8,"minecraft:white_wool":4,"minecraft:cobblestone":178},"minecraft:custom":{"minecraft:interact_with_furnace":6,"minecraft:mob_kills":7,"minecraft:interact_with_crafting_table":18,"minecraft:leave_game":3,"minecraft:time_since_death":34445,"minecraft:climb_one_cm":1020,"minecraft:time_since_rest":34474,"minecraft:sprint_one_cm":122275,"minecraft:damage_taken":713,"minecraft:walk_one_cm":161246,"minecraft:drop":29,"minecraft:damage_dealt":756,"minecraft:swim_one_cm":47944,"minecraft:fly_one_cm":102301,"minecraft:open_chest":7,"minecraft:crouch_one_cm":13640,"minecraft:play_time":93950,"minecraft:deaths":2,"minecraft:sneak_time":7887,"minecraft:walk_under_water_one_cm":14142,"minecraft:jump":1159,"minecraft:walk_on_water_one_cm":11398,"minecraft:total_world_time":93950,"minecraft:fall_one_cm":17929}},"DataVersion":3465}