{"stats":{"minecraft:crafted":{"minecraft:cooked_beef":2,"notreepunching:fire_starter":1,"minecraft:oak_planks":16,"minecraft:crafting_table":1,"max_armory:handle":2,"notreepunching:iron_saw":1,"pointblank:gunmetal_ingot":1,"minecraft:spruce_planks":24,"minecraft:air":0,"max_armory:stone_long_sword":1,"max_armory:stone_hengdao":1,"minecraft:string":8,"notreepunching:flint_pickaxe":1,"minecraft:stick":14,"minecraft:chest":1,"notreepunching:flint_axe":1,"notreepunching:flint_knife":2},"minecraft:killed":{"hordes:zombie_player":1,"minecraft:sheep":2,"minecraft:zombie":4,"minecraft:cow":2},"minecraft:killed_by":{"minecraft:player":1,"minecraft:zombie":1},"minecraft:broken":{"notreepunching:flint_pickaxe":3,"notreepunching:fire_starter":1},"minecraft:dropped":{"minecraft:gravel":3,"notreepunching:flint_knife":2,"minecraft:blackstone":10,"projectvibrantjourneys:birch_hollow_log":1,"minecraft:oak_log":12,"minecraft:raw_iron":2,"minecraft:cobblestone":74,"minecraft:oak_planks":8,"notreepunching:flint_axe":1,"minecraft:apple":1,"projectvibrantjourneys:light_brown_bark_mushroom":1,"minecraft:stick":19,"minecraft:flint":3,"max_armory:stone_long_sword":2,"minecraft:shield":1,"minecraft:torch":3,"minecraft:spruce_planks":20,"minecraft:leather_boots":1,"minecraft:oak_sapling":9,"usefulbackpacks:backpack_small":1,"notreepunching:flint_pickaxe":4,"minecraft:beef":2,"notreepunching:flint_shard":7,"minecraft:string":12},"minecraft:mined":{"minecraft:tuff":7,"minecraft:blackstone":5,"minecraft:crafting_table":1,"minecraft:torch":1,"projectvibrantjourneys:twigs":5,"minecraft:grass_block":11,"notreepunching:stone_loose_rock":3,"projectvibrantjourneys:mossy_rocks":1,"projectvibrantjourneys:natural_cobweb":1,"minecraft:cobblestone":8,"minecraft:spruce_leaves":1,"minecraft:lapis_ore":4,"minecraft:wall_torch":3,"minecraft:raw_iron_block":3,"projectvibrantjourneys:bones":1,"minecraft:spruce_log":10,"minecraft:stripped_spruce_log":2,"minecraft:grass":4,"projectvibrantjourneys:birch_hollow_log":2,"minecraft:oak_log":12,"minecraft:coal_ore":8,"projectvibrantjourneys:short_grass":18,"minecraft:gravel":168,"minecraft:dirt":19,"minecraft:smooth_basalt":15,"minecraft:stone":132,"minecraft:oak_leaves":1},"minecraft:used":{"minecraft:chest":1,"projectvibrantjourneys:birch_hollow_log":1,"notreepunching:flint_knife":1,"minecraft:torch":34,"minecraft:dirt":9,"minecraft:crafting_table":2,"minecraft:white_bed":1,"minecraft:tuff":4,"max_armory:stone_hengdao":14,"minecraft:spruce_log":1,"minecraft:stripped_spruce_log":1,"notreepunching:flint_axe":31,"notreepunching:stone_loose_rock":6,"minecraft:bread":7,"notreepunching:flint_pickaxe":185,"minecraft:gravel":127,"minecraft:wooden_sword":31,"minecraft:cobblestone":19,"minecraft:beef":1,"minecraft:cooked_beef":2},"minecraft:picked_up":{"minecraft:crafting_table":1,"minecraft:leather":4,"minecraft:tuff":5,"projectvibrantjourneys:birch_hollow_log":2,"minecraft:flint":17,"minecraft:oak_log":21,"minecraft:shield":2,"minecraft:lapis_lazuli":18,"minecraft:dirt":46,"minecraft:string":9,"notreepunching:flint_pickaxe":8,"minecraft:wooden_sword":1,"minecraft:leather_boots":2,"minecraft:cooked_mutton":3,"minecraft:bone":4,"minecraft:blackstone":14,"minecraft:apple":1,"usefulbackpacks:backpack_small":2,"minecraft:iron_ingot":2,"minecraft:beef":6,"minecraft:raw_iron":2,"notreepunching:flint_axe":2,"notreepunching:flint_shard":15,"minecraft:stick":29,"projectvibrantjourneys:light_brown_bark_mushroom":5,"pointblank:gunmetal_ingot":1,"minecraft:smooth_basalt":10,"minecraft:torch":37,"minecraft:raw_iron_block":3,"minecraft:gravel":143,"pointblank:gunmetal_nugget":15,"minecraft:stripped_spruce_log":2,"minecraft:spruce_log":10,"minecraft:white_bed":1,"minecraft:spider_eye":2,"alexsmobs:animal_dictionary":1,"notreepunching:flint_knife":2,"minecraft:rotten_flesh":10,"notreepunching:iron_saw":1,"notreepunching:stone_loose_rock":8,"minecraft:bread":6,"alexsmobs:maggot":2,"minecraft:oak_sapling":9,"minecraft:mutton":6,"minecraft:coal":8,"minecraft:white_wool":4,"minecraft:cobblestone":214,"max_armory:stone_long_sword":1},"minecraft:custom":{"minecraft:interact_with_furnace":6,"minecraft:mob_kills":9,"minecraft:interact_with_crafting_table":18,"minecraft:damage_dealt_resisted":18,"minecraft:leave_game":3,"minecraft:time_since_death":43943,"minecraft:climb_one_cm":1020,"minecraft:time_since_rest":43972,"minecraft:damage_taken":738,"minecraft:sprint_one_cm":144072,"minecraft:walk_one_cm":194832,"minecraft:drop":58,"minecraft:damage_dealt":1261,"minecraft:player_kills":1,"minecraft:swim_one_cm":47944,"minecraft:fly_one_cm":117808,"minecraft:open_chest":8,"minecraft:play_time":103448,"minecraft:crouch_one_cm":15876,"minecraft:deaths":2,"minecraft:sneak_time":9103,"minecraft:walk_under_water_one_cm":14142,"minecraft:jump":1368,"minecraft:walk_on_water_one_cm":11398,"minecraft:total_world_time":103448,"minecraft:fall_one_cm":18939}},"DataVersion":3465}