{"stats":{"minecraft:killed":{"minecraft:sheep":2},"minecraft:mined":{"minecraft:grass":4,"projectvibrantjourneys:twigs":4,"projectvibrantjourneys:short_grass":16,"notreepunching:stone_loose_rock":3,"minecraft:gravel":34,"projectvibrantjourneys:mossy_rocks":1,"projectvibrantjourneys:bones":1},"minecraft:used":{"minecraft:wooden_sword":12,"minecraft:bread":2,"minecraft:gravel":15},"minecraft:picked_up":{"minecraft:stick":4,"minecraft:bone":1,"usefulbackpacks:backpack_small":1,"minecraft:gravel":29,"notreepunching:stone_loose_rock":3,"minecraft:flint":5,"minecraft:mutton":3,"minecraft:white_wool":2},"minecraft:custom":{"minecraft:time_since_rest":20751,"minecraft:crouch_one_cm":3449,"minecraft:play_time":20751,"minecraft:sprint_one_cm":50776,"minecraft:damage_taken":20,"minecraft:walk_one_cm":27706,"minecraft:sneak_time":943,"minecraft:walk_under_water_one_cm":2221,"minecraft:mob_kills":2,"minecraft:jump":320,"minecraft:damage_dealt":255,"minecraft:leave_game":1,"minecraft:time_since_death":20751,"minecraft:walk_on_water_one_cm":4131,"minecraft:total_world_time":20751,"minecraft:swim_one_cm":33003,"minecraft:fall_one_cm":6214,"minecraft:fly_one_cm":41734}},"DataVersion":3465}