{"stats":{"minecraft:crafted":{"minecraft:oak_planks":16,"minecraft:raw_iron":36,"notreepunching:iron_saw":1,"minecraft:furnace":3,"max_armory:stone_long_sword":1,"minecraft:iron_boots":1,"pointblank_recipes:guntech_metal":9,"minecraft:chest":1,"max_armory:iron_machete":1,"notreepunching:flint_knife":2,"minecraft:raw_iron_block":4,"minecraft:cooked_beef":2,"notreepunching:fire_starter":1,"minecraft:cauldron":1,"minecraft:cooked_porkchop":2,"max_armory:handle":3,"minecraft:crafting_table":1,"pointblank:gunmetal_ingot":1,"minecraft:spruce_planks":24,"notreepunching:iron_mattock":1,"minecraft:iron_helmet":1,"minecraft:bucket":2,"minecraft:air":0,"max_armory:stone_hengdao":1,"pointblank_recipes:unfinishedalloy":2,"minecraft:string":8,"minecraft:iron_chestplate":1,"notreepunching:flint_pickaxe":1,"minecraft:stick":14,"minecraft:iron_ingot":61,"minecraft:iron_pickaxe":2,"pointblank_recipes:gunpartmain":1,"minecraft:iron_leggings":1,"notreepunching:flint_axe":1},"minecraft:killed":{"hordes:zombie_player":1,"minecraft:sheep":3,"minecraft:zombie":6,"minecraft:cow":2},"minecraft:killed_by":{"minecraft:player":1,"minecraft:zombie":3},"minecraft:broken":{"notreepunching:fire_starter":1,"notreepunching:flint_pickaxe":4},"minecraft:dropped":{"minecraft:iron_ingot":29,"notreepunching:flint_knife":3,"minecraft:oak_log":12,"notreepunching:iron_mattock":1,"minecraft:iron_helmet":1,"minecraft:cobblestone":77,"notreepunching:flint_axe":1,"minecraft:apple":1,"minecraft:stick":19,"minecraft:flint":3,"max_armory:stone_long_sword":2,"minecraft:torch":21,"minecraft:iron_leggings":1,"usefulbackpacks:backpack_small":1,"minecraft:iron_pickaxe":2,"minecraft:string":12,"minecraft:white_wool":1,"minecraft:bucket":3,"minecraft:bone":1,"minecraft:gravel":3,"minecraft:blackstone":10,"projectvibrantjourneys:birch_hollow_log":1,"minecraft:raw_iron":34,"minecraft:rotten_flesh":1,"minecraft:oak_planks":8,"minecraft:iron_boots":1,"projectvibrantjourneys:light_brown_bark_mushroom":3,"minecraft:shield":2,"minecraft:spruce_planks":20,"minecraft:iron_chestplate":1,"minecraft:leather_boots":1,"minecraft:oak_sapling":9,"max_armory:iron_machete":1,"notreepunching:flint_pickaxe":4,"minecraft:beef":2,"notreepunching:flint_shard":7},"minecraft:mined":{"minecraft:tuff":7,"minecraft:grass_block":13,"notreepunching:stone_loose_rock":3,"minecraft:spruce_leaves":1,"minecraft:tall_seagrass":3,"minecraft:raw_iron_block":4,"minecraft:iron_ore":11,"minecraft:stripped_spruce_log":2,"minecraft:stone":182,"projectvibrantjourneys:cattail":1,"minecraft:blackstone":18,"minecraft:crafting_table":1,"minecraft:torch":1,"projectvibrantjourneys:twigs":5,"projectvibrantjourneys:mossy_rocks":1,"projectvibrantjourneys:natural_cobweb":1,"minecraft:cobblestone":27,"minecraft:lapis_ore":4,"minecraft:oak_planks":1,"minecraft:wall_torch":4,"minecraft:seagrass":1,"minecraft:spruce_log":10,"projectvibrantjourneys:bones":1,"minecraft:grass":4,"projectvibrantjourneys:birch_hollow_log":2,"minecraft:coal_ore":8,"minecraft:oak_log":12,"projectvibrantjourneys:short_grass":20,"minecraft:dripstone_block":1,"minecraft:gravel":174,"minecraft:dirt":27,"minecraft:smooth_basalt":16,"minecraft:oak_leaves":7},"minecraft:used":{"minecraft:chest":1,"minecraft:shield":1,"minecraft:rotten_flesh":3,"minecraft:iron_chestplate":1,"minecraft:torch":49,"minecraft:dirt":12,"minecraft:mutton":1,"minecraft:tuff":4,"minecraft:stripped_spruce_log":1,"minecraft:milk_bucket":5,"minecraft:lava_bucket":2,"notreepunching:flint_pickaxe":186,"minecraft:smooth_basalt":2,"minecraft:beef":1,"minecraft:sweet_berries":39,"minecraft:furnace":2,"minecraft:cooked_beef":2,"minecraft:pointed_dripstone":1,"minecraft:cooked_mutton":3,"max_armory:iron_machete":17,"minecraft:water_bucket":14,"minecraft:oak_planks":1,"minecraft:cauldron":1,"projectvibrantjourneys:birch_hollow_log":1,"notreepunching:flint_knife":1,"minecraft:white_wool":1,"minecraft:golden_apple":1,"minecraft:crafting_table":2,"minecraft:white_bed":1,"minecraft:dripstone_block":1,"notreepunching:iron_mattock":8,"max_armory:stone_hengdao":14,"minecraft:spruce_log":1,"notreepunching:stone_loose_rock":6,"notreepunching:flint_axe":31,"minecraft:bread":7,"minecraft:iron_pickaxe":96,"minecraft:gravel":127,"minecraft:wooden_sword":31,"minecraft:cobblestone":55,"minecraft:cooked_porkchop":2,"minecraft:bucket":23},"minecraft:picked_up":{"minecraft:iron_chestplate":2,"minecraft:crafting_table":1,"minecraft:shield":4,"minecraft:string":10,"minecraft:raw_copper":84,"notreepunching:flint_pickaxe":8,"minecraft:wooden_sword":1,"minecraft:iron_leggings":2,"minecraft:blackstone":17,"usefulbackpacks:backpack_small":2,"minecraft:beef":6,"minecraft:iron_pickaxe":4,"minecraft:iron_boots":2,"notreepunching:flint_axe":2,"notreepunching:flint_shard":15,"pointblank:gunmetal_ingot":9,"minecraft:stick":33,"minecraft:raw_iron":191,"minecraft:torch":47,"notreepunching:iron_mattock":2,"pointblank:gunmetal_nugget":24,"minecraft:pointed_dripstone":1,"minecraft:rotten_flesh":18,"minecraft:mutton":7,"minecraft:white_wool":6,"minecraft:cobblestone":274,"max_armory:stone_long_sword":1,"minecraft:leather":4,"projectvibrantjourneys:birch_hollow_log":2,"minecraft:flint":17,"minecraft:tuff":5,"minecraft:oak_log":21,"minecraft:gunpowder":29,"minecraft:lapis_lazuli":18,"minecraft:dirt":50,"max_armory:iron_machete":2,"minecraft:cooked_mutton":3,"minecraft:leather_boots":2,"minecraft:bone":7,"minecraft:apple":1,"minecraft:wheat_seeds":1,"minecraft:iron_ingot":6,"minecraft:oak_planks":1,"projectvibrantjourneys:light_brown_bark_mushroom":6,"minecraft:smooth_basalt":12,"minecraft:sweet_berries":23,"minecraft:lava_bucket":7,"minecraft:dripstone_block":1,"minecraft:raw_iron_block":9,"minecraft:gravel":148,"minecraft:stripped_spruce_log":2,"minecraft:white_bed":1,"minecraft:spruce_log":10,"alexsmobs:animal_dictionary":1,"minecraft:spider_eye":2,"notreepunching:flint_knife":3,"notreepunching:iron_saw":1,"minecraft:iron_helmet":2,"notreepunching:stone_loose_rock":8,"minecraft:golden_apple":1,"minecraft:bread":6,"alexsmobs:maggot":2,"minecraft:oak_sapling":11,"minecraft:coal":9},"minecraft:custom":{"minecraft:mob_kills":12,"minecraft:interact_with_crafting_table":47,"minecraft:damage_dealt_resisted":76,"minecraft:leave_game":3,"minecraft:time_since_death":13126,"minecraft:climb_one_cm":11254,"minecraft:sprint_one_cm":340744,"minecraft:walk_one_cm":365602,"minecraft:damage_blocked_by_shield":48,"minecraft:drop":83,"minecraft:play_time":187448,"minecraft:deaths":4,"minecraft:sneak_time":14706,"minecraft:walk_under_water_one_cm":37774,"minecraft:jump":2887,"minecraft:walk_on_water_one_cm":31562,"minecraft:total_world_time":187448,"minecraft:interact_with_furnace":74,"minecraft:sleep_in_bed":3,"minecraft:time_since_rest":2612,"minecraft:damage_taken":1573,"minecraft:damage_dealt":2127,"minecraft:fly_one_cm":249448,"minecraft:swim_one_cm":60473,"minecraft:player_kills":1,"minecraft:open_chest":100,"minecraft:crouch_one_cm":33442,"minecraft:fall_one_cm":44301}},"DataVersion":3465}