{"stats":{"minecraft:crafted":{"notreepunching:flint_knife":2},"minecraft:killed":{"minecraft:sheep":2,"minecraft:cow":1},"minecraft:dropped":{"notreepunching:flint_knife":2},"minecraft:mined":{"projectvibrantjourneys:bones":1,"minecraft:grass":4,"projectvibrantjourneys:twigs":4,"minecraft:grass_block":5,"projectvibrantjourneys:short_grass":16,"notreepunching:stone_loose_rock":3,"projectvibrantjourneys:mossy_rocks":1,"minecraft:gravel":55,"minecraft:dirt":2},"minecraft:picked_up":{"notreepunching:flint_shard":4,"minecraft:stick":4,"minecraft:gravel":48,"pointblank:gunmetal_nugget":7,"minecraft:flint":6,"minecraft:dirt":5,"notreepunching:flint_knife":1,"minecraft:bone":1,"usefulbackpacks:backpack_small":1,"minecraft:iron_ingot":2,"minecraft:beef":2,"notreepunching:stone_loose_rock":4,"minecraft:mutton":3,"minecraft:white_wool":2},"minecraft:used":{"notreepunching:stone_loose_rock":2,"minecraft:bread":3,"minecraft:gravel":47,"minecraft:wooden_sword":14,"minecraft:dirt":5},"minecraft:custom":{"minecraft:time_since_rest":32057,"minecraft:sprint_one_cm":61779,"minecraft:damage_taken":20,"minecraft:walk_one_cm":45470,"minecraft:mob_kills":3,"minecraft:drop":2,"minecraft:damage_dealt":364,"minecraft:swim_one_cm":33003,"minecraft:fly_one_cm":49775,"minecraft:crouch_one_cm":4662,"minecraft:play_time":32057,"minecraft:sneak_time":1331,"minecraft:walk_under_water_one_cm":2221,"minecraft:jump":409,"minecraft:leave_game":2,"minecraft:walk_on_water_one_cm":4131,"minecraft:time_since_death":32057,"minecraft:total_world_time":32057,"minecraft:fall_one_cm":7797}},"DataVersion":3465}