{"stats":{"minecraft:mined":{"minecraft:grass":5,"projectvibrantjourneys:twigs":2,"minecraft:grass_block":1,"projectvibrantjourneys:short_grass":3,"notreepunching:stone_loose_rock":1,"minecraft:gravel":11,"projectvibrantjourneys:rocks":1},"minecraft:used":{"minecraft:dirt":1,"minecraft:wooden_sword":9,"alexsmobs:animal_dictionary":1,"minecraft:gravel":9},"minecraft:picked_up":{"minecraft:stick":2,"minecraft:wheat_seeds":2,"minecraft:gravel":10,"notreepunching:stone_loose_rock":1,"minecraft:dirt":1},"minecraft:custom":{"minecraft:time_since_rest":7767,"minecraft:open_chest":1,"minecraft:sprint_one_cm":8378,"minecraft:play_time":7767,"minecraft:walk_one_cm":9576,"minecraft:sneak_time":17,"minecraft:walk_under_water_one_cm":1079,"minecraft:jump":106,"minecraft:damage_dealt":20,"minecraft:leave_game":1,"minecraft:time_since_death":7767,"minecraft:walk_on_water_one_cm":384,"minecraft:total_world_time":7767,"minecraft:swim_one_cm":3481,"minecraft:fall_one_cm":3042,"minecraft:fly_one_cm":24551}},"DataVersion":3465}