{"stats":{"minecraft:crafted":{"notreepunching:fire_starter":1,"notreepunching:iron_saw":1,"minecraft:crafting_table":1,"pointblank:gunmetal_ingot":1,"minecraft:spruce_planks":24,"minecraft:stick":14,"notreepunching:flint_axe":1,"notreepunching:flint_knife":2},"minecraft:killed":{"minecraft:sheep":2,"minecraft:zombie":2,"minecraft:cow":2},"minecraft:broken":{"notreepunching:flint_pickaxe":1,"notreepunching:fire_starter":1},"minecraft:dropped":{"notreepunching:flint_knife":2,"minecraft:spruce_planks":20,"notreepunching:flint_shard":4,"minecraft:stick":7,"minecraft:flint":1},"minecraft:mined":{"minecraft:spruce_log":10,"projectvibrantjourneys:bones":1,"minecraft:stripped_spruce_log":2,"minecraft:crafting_table":1,"minecraft:grass":4,"projectvibrantjourneys:twigs":4,"minecraft:grass_block":9,"projectvibrantjourneys:short_grass":16,"notreepunching:stone_loose_rock":3,"projectvibrantjourneys:mossy_rocks":1,"minecraft:gravel":72,"minecraft:dirt":14,"minecraft:smooth_basalt":3,"minecraft:spruce_leaves":1,"minecraft:stone":56},"minecraft:picked_up":{"notreepunching:flint_shard":8,"projectvibrantjourneys:light_brown_bark_mushroom":2,"minecraft:stick":13,"minecraft:crafting_table":1,"minecraft:smooth_basalt":2,"minecraft:leather":2,"minecraft:gravel":58,"pointblank:gunmetal_nugget":12,"minecraft:flint":9,"minecraft:oak_log":5,"minecraft:stripped_spruce_log":2,"minecraft:spruce_log":10,"minecraft:string":2,"minecraft:spider_eye":1,"minecraft:dirt":22,"notreepunching:flint_pickaxe":1,"minecraft:rotten_flesh":2,"notreepunching:flint_knife":1,"minecraft:bone":2,"usefulbackpacks:backpack_small":1,"minecraft:iron_ingot":2,"minecraft:beef":3,"notreepunching:stone_loose_rock":5,"alexsmobs:maggot":1,"minecraft:mutton":3,"minecraft:white_wool":2,"minecraft:cobblestone":52},"minecraft:used":{"notreepunching:stone_loose_rock":3,"notreepunching:flint_axe":16,"minecraft:bread":3,"notreepunching:flint_pickaxe":60,"minecraft:gravel":57,"notreepunching:flint_knife":1,"minecraft:wooden_sword":20,"minecraft:dirt":9,"minecraft:crafting_table":2,"minecraft:spruce_log":1,"minecraft:stripped_spruce_log":1},"minecraft:custom":{"minecraft:time_since_rest":56057,"minecraft:sprint_one_cm":67015,"minecraft:damage_taken":20,"minecraft:walk_one_cm":87069,"minecraft:mob_kills":6,"minecraft:drop":15,"minecraft:damage_dealt":492,"minecraft:interact_with_crafting_table":10,"minecraft:swim_one_cm":33003,"minecraft:fly_one_cm":57378,"minecraft:crouch_one_cm":7497,"minecraft:play_time":56057,"minecraft:sneak_time":3224,"minecraft:walk_under_water_one_cm":2221,"minecraft:jump":578,"minecraft:leave_game":2,"minecraft:walk_on_water_one_cm":4131,"minecraft:time_since_death":56057,"minecraft:total_world_time":56057,"minecraft:fall_one_cm":9378}},"DataVersion":3465}