{"stats":{"minecraft:crafted":{"notreepunching:fire_starter":1,"minecraft:oak_planks":16,"max_armory:handle":2,"minecraft:crafting_table":1,"notreepunching:iron_saw":1,"pointblank:gunmetal_ingot":1,"minecraft:spruce_planks":24,"max_armory:stone_long_sword":1,"max_armory:stone_hengdao":1,"minecraft:string":4,"notreepunching:flint_pickaxe":1,"minecraft:stick":14,"notreepunching:flint_axe":1,"notreepunching:flint_knife":2},"minecraft:killed":{"minecraft:sheep":2,"minecraft:zombie":3,"minecraft:cow":2},"minecraft:killed_by":{"minecraft:player":1,"minecraft:zombie":1},"minecraft:broken":{"notreepunching:flint_pickaxe":3,"notreepunching:fire_starter":1},"minecraft:dropped":{"notreepunching:flint_knife":2,"max_armory:stone_long_sword":1,"minecraft:stick":7,"minecraft:flint":1,"minecraft:spruce_planks":20,"notreepunching:flint_pickaxe":1,"minecraft:beef":2,"notreepunching:flint_shard":7,"minecraft:string":5},"minecraft:mined":{"minecraft:crafting_table":1,"minecraft:torch":1,"projectvibrantjourneys:twigs":5,"minecraft:grass_block":11,"notreepunching:stone_loose_rock":3,"projectvibrantjourneys:mossy_rocks":1,"minecraft:cobblestone":2,"minecraft:spruce_leaves":1,"minecraft:lapis_ore":4,"minecraft:wall_torch":3,"projectvibrantjourneys:bones":1,"minecraft:spruce_log":10,"minecraft:stripped_spruce_log":2,"minecraft:grass":4,"minecraft:coal_ore":8,"projectvibrantjourneys:short_grass":17,"minecraft:gravel":98,"minecraft:dirt":19,"minecraft:smooth_basalt":3,"minecraft:stone":129},"minecraft:used":{"notreepunching:flint_knife":1,"minecraft:torch":26,"minecraft:dirt":9,"minecraft:crafting_table":2,"minecraft:spruce_log":1,"minecraft:stripped_spruce_log":1,"notreepunching:stone_loose_rock":6,"notreepunching:flint_axe":16,"minecraft:bread":4,"notreepunching:flint_pickaxe":149,"minecraft:gravel":57,"minecraft:wooden_sword":31,"minecraft:cobblestone":5,"minecraft:beef":1},"minecraft:picked_up":{"minecraft:crafting_table":1,"minecraft:leather":4,"minecraft:flint":13,"minecraft:oak_log":9,"minecraft:shield":1,"minecraft:lapis_lazuli":18,"minecraft:dirt":46,"minecraft:string":6,"notreepunching:flint_pickaxe":3,"minecraft:wooden_sword":1,"minecraft:cooked_mutton":3,"minecraft:leather_boots":1,"minecraft:bone":4,"usefulbackpacks:backpack_small":2,"minecraft:beef":6,"minecraft:iron_ingot":2,"notreepunching:flint_axe":1,"notreepunching:flint_shard":15,"pointblank:gunmetal_ingot":1,"projectvibrantjourneys:light_brown_bark_mushroom":4,"minecraft:stick":26,"minecraft:smooth_basalt":4,"minecraft:torch":37,"minecraft:gravel":83,"pointblank:gunmetal_nugget":15,"minecraft:stripped_spruce_log":2,"minecraft:spruce_log":10,"minecraft:spider_eye":2,"alexsmobs:animal_dictionary":1,"notreepunching:flint_knife":2,"minecraft:rotten_flesh":8,"notreepunching:iron_saw":1,"notreepunching:stone_loose_rock":8,"minecraft:bread":6,"alexsmobs:maggot":2,"minecraft:mutton":6,"minecraft:coal":8,"minecraft:white_wool":4,"minecraft:cobblestone":178},"minecraft:custom":{"minecraft:interact_with_furnace":4,"minecraft:mob_kills":7,"minecraft:interact_with_crafting_table":17,"minecraft:leave_game":2,"minecraft:time_since_death":20552,"minecraft:climb_one_cm":140,"minecraft:time_since_rest":20581,"minecraft:sprint_one_cm":103463,"minecraft:damage_taken":533,"minecraft:walk_one_cm":133039,"minecraft:drop":20,"minecraft:damage_dealt":746,"minecraft:swim_one_cm":46100,"minecraft:fly_one_cm":83925,"minecraft:crouch_one_cm":11169,"minecraft:play_time":80057,"minecraft:deaths":2,"minecraft:sneak_time":6288,"minecraft:walk_under_water_one_cm":4479,"minecraft:jump":919,"minecraft:walk_on_water_one_cm":7899,"minecraft:total_world_time":80057,"minecraft:fall_one_cm":13373}},"DataVersion":3465}