{"stats":{"minecraft:crafted":{"minecraft:oak_planks":16,"minecraft:raw_iron":36,"notreepunching:iron_saw":1,"minecraft:furnace":3,"max_armory:stone_long_sword":1,"minecraft:iron_boots":1,"pointblank_recipes:guntech_metal":1,"minecraft:chest":1,"max_armory:iron_machete":1,"notreepunching:flint_knife":2,"minecraft:raw_iron_block":4,"minecraft:cooked_beef":2,"notreepunching:fire_starter":1,"minecraft:cauldron":1,"max_armory:handle":3,"minecraft:crafting_table":1,"pointblank:gunmetal_ingot":1,"minecraft:spruce_planks":24,"notreepunching:iron_mattock":1,"minecraft:iron_helmet":1,"minecraft:bucket":2,"minecraft:air":0,"max_armory:stone_hengdao":1,"minecraft:string":8,"minecraft:iron_chestplate":1,"notreepunching:flint_pickaxe":1,"minecraft:stick":14,"minecraft:iron_ingot":58,"minecraft:iron_pickaxe":2,"minecraft:iron_leggings":1,"notreepunching:flint_axe":1},"minecraft:killed":{"hordes:zombie_player":1,"minecraft:sheep":3,"minecraft:zombie":6,"minecraft:cow":2},"minecraft:killed_by":{"minecraft:player":1,"minecraft:zombie":2},"minecraft:broken":{"notreepunching:fire_starter":1,"notreepunching:flint_pickaxe":4},"minecraft:dropped":{"minecraft:iron_ingot":29,"notreepunching:flint_knife":3,"minecraft:oak_log":12,"notreepunching:iron_mattock":1,"minecraft:iron_helmet":1,"minecraft:cobblestone":76,"notreepunching:flint_axe":1,"minecraft:apple":1,"minecraft:stick":19,"minecraft:flint":3,"max_armory:stone_long_sword":2,"minecraft:torch":21,"minecraft:iron_leggings":1,"usefulbackpacks:backpack_small":1,"minecraft:iron_pickaxe":2,"minecraft:string":12,"minecraft:white_wool":1,"minecraft:bucket":1,"minecraft:bone":1,"minecraft:gravel":3,"minecraft:blackstone":10,"projectvibrantjourneys:birch_hollow_log":1,"minecraft:raw_iron":34,"minecraft:rotten_flesh":1,"minecraft:oak_planks":8,"minecraft:iron_boots":1,"projectvibrantjourneys:light_brown_bark_mushroom":3,"minecraft:shield":2,"minecraft:spruce_planks":20,"minecraft:iron_chestplate":1,"minecraft:leather_boots":1,"minecraft:oak_sapling":9,"max_armory:iron_machete":1,"notreepunching:flint_pickaxe":4,"minecraft:beef":2,"notreepunching:flint_shard":7},"minecraft:mined":{"minecraft:tuff":7,"minecraft:grass_block":11,"notreepunching:stone_loose_rock":3,"minecraft:spruce_leaves":1,"minecraft:raw_iron_block":4,"minecraft:stripped_spruce_log":2,"minecraft:stone":135,"minecraft:blackstone":5,"minecraft:crafting_table":1,"minecraft:torch":1,"projectvibrantjourneys:twigs":5,"projectvibrantjourneys:mossy_rocks":1,"projectvibrantjourneys:natural_cobweb":1,"minecraft:cobblestone":15,"minecraft:lapis_ore":4,"minecraft:oak_planks":1,"minecraft:wall_torch":3,"minecraft:spruce_log":10,"projectvibrantjourneys:bones":1,"minecraft:grass":4,"projectvibrantjourneys:birch_hollow_log":2,"minecraft:coal_ore":8,"minecraft:oak_log":12,"projectvibrantjourneys:short_grass":18,"minecraft:gravel":168,"minecraft:dirt":25,"minecraft:smooth_basalt":15,"minecraft:oak_leaves":1},"minecraft:used":{"minecraft:chest":1,"minecraft:rotten_flesh":3,"minecraft:iron_chestplate":1,"minecraft:torch":44,"minecraft:dirt":9,"minecraft:mutton":1,"minecraft:tuff":4,"minecraft:stripped_spruce_log":1,"minecraft:milk_bucket":5,"notreepunching:flint_pickaxe":186,"minecraft:beef":1,"minecraft:sweet_berries":4,"minecraft:furnace":2,"minecraft:cooked_beef":2,"minecraft:cooked_mutton":3,"max_armory:iron_machete":4,"minecraft:water_bucket":1,"minecraft:oak_planks":1,"minecraft:cauldron":1,"projectvibrantjourneys:birch_hollow_log":1,"notreepunching:flint_knife":1,"minecraft:white_wool":1,"minecraft:crafting_table":2,"minecraft:white_bed":1,"notreepunching:iron_mattock":8,"max_armory:stone_hengdao":14,"minecraft:spruce_log":1,"notreepunching:stone_loose_rock":6,"notreepunching:flint_axe":31,"minecraft:bread":7,"minecraft:iron_pickaxe":10,"minecraft:gravel":127,"minecraft:wooden_sword":31,"minecraft:cobblestone":23,"minecraft:bucket":2},"minecraft:picked_up":{"minecraft:iron_chestplate":1,"minecraft:crafting_table":1,"minecraft:shield":3,"minecraft:string":10,"minecraft:raw_copper":42,"notreepunching:flint_pickaxe":8,"minecraft:wooden_sword":1,"minecraft:iron_leggings":1,"minecraft:blackstone":15,"usefulbackpacks:backpack_small":2,"minecraft:beef":6,"minecraft:iron_pickaxe":2,"minecraft:iron_boots":1,"notreepunching:flint_axe":2,"notreepunching:flint_shard":15,"pointblank:gunmetal_ingot":1,"minecraft:stick":29,"minecraft:raw_iron":180,"minecraft:torch":37,"notreepunching:iron_mattock":1,"pointblank:gunmetal_nugget":17,"minecraft:rotten_flesh":13,"minecraft:mutton":7,"minecraft:white_wool":6,"minecraft:cobblestone":223,"max_armory:stone_long_sword":1,"minecraft:leather":4,"projectvibrantjourneys:birch_hollow_log":2,"minecraft:flint":17,"minecraft:tuff":5,"minecraft:oak_log":21,"minecraft:gunpowder":29,"minecraft:lapis_lazuli":18,"minecraft:dirt":47,"max_armory:iron_machete":1,"minecraft:cooked_mutton":3,"minecraft:leather_boots":2,"minecraft:bone":6,"minecraft:apple":1,"minecraft:iron_ingot":2,"minecraft:oak_planks":1,"projectvibrantjourneys:light_brown_bark_mushroom":6,"minecraft:smooth_basalt":10,"minecraft:sweet_berries":23,"minecraft:raw_iron_block":4,"minecraft:gravel":143,"minecraft:stripped_spruce_log":2,"minecraft:white_bed":1,"minecraft:spruce_log":10,"alexsmobs:animal_dictionary":1,"minecraft:spider_eye":2,"notreepunching:flint_knife":3,"notreepunching:iron_saw":1,"minecraft:iron_helmet":1,"notreepunching:stone_loose_rock":8,"minecraft:bread":6,"alexsmobs:maggot":2,"minecraft:oak_sapling":9,"minecraft:coal":8},"minecraft:custom":{"minecraft:mob_kills":12,"minecraft:interact_with_crafting_table":36,"minecraft:damage_dealt_resisted":24,"minecraft:leave_game":3,"minecraft:time_since_death":15017,"minecraft:climb_one_cm":2661,"minecraft:sprint_one_cm":211283,"minecraft:walk_one_cm":267172,"minecraft:drop":81,"minecraft:play_time":139448,"minecraft:deaths":3,"minecraft:sneak_time":9745,"minecraft:walk_under_water_one_cm":21193,"minecraft:jump":1893,"minecraft:walk_on_water_one_cm":18109,"minecraft:total_world_time":139448,"minecraft:interact_with_furnace":65,"minecraft:sleep_in_bed":2,"minecraft:time_since_rest":7374,"minecraft:damage_taken":1093,"minecraft:damage_dealt":1549,"minecraft:fly_one_cm":163239,"minecraft:swim_one_cm":54599,"minecraft:player_kills":1,"minecraft:open_chest":50,"minecraft:crouch_one_cm":17002,"minecraft:fall_one_cm":26046}},"DataVersion":3465}