{"stats":{"minecraft:crafted":{"minecraft:oak_planks":16,"minecraft:raw_iron":36,"notreepunching:iron_saw":1,"minecraft:iron_nugget":18,"minecraft:furnace":3,"minecraft:cooked_mutton":13,"max_armory:stone_long_sword":1,"pointblank_recipes:elitexammolmgkit":1,"pointblank_recipes:gunpartstock":2,"minecraft:iron_boots":1,"pointblank_recipes:elitex_a_rkit":1,"pointblank_recipes:guntech_metal":19,"minecraft:chest":1,"max_armory:iron_machete":1,"notreepunching:flint_knife":2,"minecraft:raw_iron_block":4,"minecraft:cooked_beef":2,"notreepunching:fire_starter":1,"minecraft:cauldron":1,"minecraft:cooked_porkchop":2,"max_armory:handle":3,"minecraft:crafting_table":1,"pointblank:gunmetal_ingot":1,"minecraft:spruce_planks":24,"notreepunching:iron_mattock":1,"minecraft:iron_helmet":1,"minecraft:bucket":2,"minecraft:air":0,"max_armory:stone_hengdao":1,"pointblank_recipes:gun_barrel":2,"pointblank_recipes:unfinishedalloy":4,"minecraft:string":8,"minecraft:iron_chestplate":1,"pointblank_recipes:vicsshotgunkit":1,"notreepunching:flint_pickaxe":1,"minecraft:stick":14,"minecraft:iron_ingot":61,"minecraft:iron_pickaxe":2,"pointblank_recipes:gunpartmain":2,"minecraft:iron_leggings":1,"notreepunching:flint_axe":1,"minecraft:torch":8},"minecraft:killed":{"hordes:zombie_player":1,"minecraft:phantom":4,"alexsmobs:banana_slug":1,"minecraft:pig":3,"minecraft:sheep":3,"minecraft:zombie":22,"minecraft:cow":2},"minecraft:killed_by":{"minecraft:player":2,"minecraft:zombie":4},"minecraft:broken":{"notreepunching:fire_starter":1,"notreepunching:flint_pickaxe":4},"minecraft:dropped":{"minecraft:iron_ingot":29,"notreepunching:flint_knife":3,"minecraft:moss_block":38,"minecraft:oak_log":12,"notreepunching:iron_mattock":1,"pointblank:citoricxs":1,"minecraft:cobblestone":79,"minecraft:iron_helmet":1,"notreepunching:flint_axe":1,"minecraft:apple":1,"minecraft:flint":3,"minecraft:stick":19,"pointblank_recipes:guntech_metal":3,"max_armory:stone_long_sword":2,"minecraft:torch":21,"pointblank:m16a1":2,"usefulbackpacks:backpack_small":1,"minecraft:iron_leggings":1,"pointblank_recipes:vicsshotgunkit":1,"minecraft:iron_pickaxe":2,"minecraft:string":12,"minecraft:birch_log":1,"minecraft:white_wool":1,"minecraft:bucket":7,"minecraft:bone":1,"minecraft:gravel":3,"minecraft:blackstone":10,"projectvibrantjourneys:birch_hollow_log":1,"minecraft:raw_iron":98,"minecraft:rotten_flesh":1,"minecraft:oak_planks":8,"minecraft:iron_boots":1,"pointblank_recipes:elitex_a_rkit":1,"minecraft:white_bed":1,"pointblank_recipes:vics_a_rkit":1,"projectvibrantjourneys:light_brown_bark_mushroom":3,"minecraft:shield":2,"minecraft:gunpowder":10,"minecraft:spruce_planks":20,"minecraft:iron_chestplate":1,"minecraft:leather_boots":1,"minecraft:oak_sapling":9,"max_armory:iron_machete":1,"notreepunching:flint_pickaxe":4,"minecraft:beef":2,"notreepunching:flint_shard":7,"pointblank_recipes:elitexammolmgkit":3},"minecraft:mined":{"minecraft:tuff":7,"minecraft:white_bed":3,"projectvibrantjourneys:rocks":1,"minecraft:grass_block":13,"notreepunching:stone_loose_rock":3,"minecraft:spruce_leaves":2,"minecraft:moss_block":144,"minecraft:tall_seagrass":3,"minecraft:raw_iron_block":4,"minecraft:furnace":3,"minecraft:iron_ore":18,"minecraft:pumpkin":5,"minecraft:stripped_spruce_log":2,"projectvibrantjourneys:bark_mushroom":1,"minecraft:moss_carpet":2,"minecraft:deepslate_iron_ore":1,"minecraft:stone":209,"projectvibrantjourneys:cattail":1,"minecraft:blackstone":18,"minecraft:crafting_table":2,"minecraft:torch":1,"projectvibrantjourneys:twigs":6,"minecraft:calcite":6,"minecraft:chest":2,"projectvibrantjourneys:mossy_rocks":1,"projectvibrantjourneys:natural_cobweb":1,"minecraft:tall_grass":2,"minecraft:cobblestone":36,"minecraft:lapis_ore":4,"minecraft:damaged_anvil":1,"projectvibrantjourneys:fallen_leaves":1,"minecraft:oak_planks":1,"minecraft:diorite":35,"minecraft:blue_bed":1,"minecraft:wall_torch":4,"minecraft:seagrass":1,"minecraft:birch_log":16,"minecraft:sweet_berry_bush":7,"minecraft:spruce_log":10,"projectvibrantjourneys:bones":1,"minecraft:grass":9,"projectvibrantjourneys:birch_hollow_log":2,"minecraft:coal_ore":8,"minecraft:oak_log":12,"projectvibrantjourneys:short_grass":29,"minecraft:gravel":174,"minecraft:dripstone_block":1,"minecraft:dirt":31,"minecraft:smooth_basalt":16,"minecraft:oak_leaves":25},"minecraft:picked_up":{"minecraft:iron_chestplate":4,"minecraft:crafting_table":2,"pointblank_recipes:guntech_metal":1,"minecraft:shield":6,"minecraft:string":12,"minecraft:moss_carpet":21,"minecraft:raw_copper":94,"notreepunching:flint_pickaxe":8,"minecraft:wooden_sword":1,"minecraft:iron_leggings":4,"minecraft:blackstone":17,"pointblank:m16a1":6,"usefulbackpacks:backpack_small":2,"minecraft:bucket":7,"minecraft:spruce_planks":4,"minecraft:beef":10,"minecraft:calcite":12,"minecraft:iron_nugget":2,"minecraft:poppy":4,"minecraft:iron_pickaxe":7,"minecraft:chest":2,"pointblank:workstation":1,"minecraft:furnace":3,"minecraft:iron_boots":5,"notreepunching:flint_axe":2,"notreepunching:flint_shard":15,"minecraft:raw_iron":206,"pointblank:gunmetal_ingot":9,"minecraft:stick":37,"projectvibrantjourneys:bark_mushroom":6,"minecraft:torch":47,"notreepunching:iron_mattock":5,"minecraft:porkchop":4,"pointblank:gunmetal_nugget":101,"minecraft:pointed_dripstone":1,"minecraft:diorite":62,"minecraft:carrot":2,"minecraft:arrow":2,"minecraft:honey_bottle":2,"minecraft:rotten_flesh":128,"minecraft:mutton":7,"minecraft:white_wool":6,"minecraft:cobblestone":416,"max_armory:stone_long_sword":1,"minecraft:birch_log":29,"minecraft:cooked_beef":75,"minecraft:water_bucket":1,"pointblank_recipes:vics_a_rkit":1,"projectvibrantjourneys:fallen_leaves":6,"minecraft:leather":6,"minecraft:potato":1,"minecraft:flint":17,"projectvibrantjourneys:birch_hollow_log":2,"pointblank:citoricxs":2,"minecraft:tuff":5,"minecraft:oak_log":21,"minecraft:gunpowder":72,"minecraft:blue_bed":1,"minecraft:lapis_lazuli":18,"minecraft:dirt":51,"max_armory:iron_machete":4,"minecraft:cooked_mutton":9,"minecraft:leather_boots":2,"minecraft:bone":29,"minecraft:apple":1,"minecraft:bow":2,"minecraft:wheat_seeds":15,"minecraft:grindstone":1,"minecraft:iron_ingot":8,"pointblank:ammo12gauge":23,"pointblank_recipes:elitexammolmgkit":2,"minecraft:moss_block":169,"minecraft:oak_planks":1,"projectvibrantjourneys:light_brown_bark_mushroom":6,"minecraft:smooth_basalt":12,"minecraft:black_candle":3,"pointblank:ammo556":112,"minecraft:pumpkin":3,"minecraft:sweet_berries":40,"minecraft:raw_iron_block":9,"minecraft:dripstone_block":1,"minecraft:gravel":148,"minecraft:lava_bucket":13,"minecraft:stripped_spruce_log":2,"minecraft:ink_sac":2,"minecraft:white_bed":8,"minecraft:spruce_log":10,"minecraft:spider_eye":9,"alexsmobs:animal_dictionary":1,"notreepunching:flint_knife":3,"minecraft:slime_ball":1,"notreepunching:iron_saw":1,"minecraft:iron_helmet":4,"minecraft:crossbow":2,"notreepunching:stone_loose_rock":8,"minecraft:golden_apple":2,"minecraft:emerald":1,"minecraft:bread":6,"alexsmobs:banana_slug_slime":2,"alexsmobs:maggot":5,"minecraft:oak_sapling":16,"minecraft:damaged_anvil":2,"minecraft:coal":60,"minecraft:ender_pearl":2},"minecraft:used":{"minecraft:moss_block":46,"minecraft:moss_carpet":1,"minecraft:chest":3,"minecraft:shield":2,"minecraft:rotten_flesh":3,"minecraft:iron_chestplate":1,"minecraft:torch":49,"minecraft:dirt":12,"minecraft:mutton":1,"minecraft:tuff":4,"minecraft:stripped_spruce_log":1,"minecraft:milk_bucket":5,"minecraft:lava_bucket":3,"notreepunching:flint_pickaxe":186,"minecraft:smooth_basalt":2,"pointblank:workstation":1,"minecraft:beef":1,"minecraft:sweet_berries":39,"minecraft:goat_horn":1,"minecraft:furnace":5,"minecraft:cooked_beef":15,"minecraft:pointed_dripstone":1,"minecraft:cooked_mutton":3,"max_armory:iron_machete":50,"minecraft:water_bucket":26,"minecraft:diorite":14,"minecraft:oak_planks":1,"minecraft:cauldron":1,"projectvibrantjourneys:birch_hollow_log":1,"notreepunching:flint_knife":1,"minecraft:golden_apple":2,"minecraft:white_wool":1,"minecraft:crafting_table":3,"minecraft:white_bed":4,"minecraft:dripstone_block":1,"notreepunching:iron_mattock":178,"max_armory:stone_hengdao":14,"minecraft:spruce_log":1,"notreepunching:stone_loose_rock":6,"notreepunching:flint_axe":31,"minecraft:bread":7,"minecraft:iron_pickaxe":191,"minecraft:gravel":127,"minecraft:wooden_sword":31,"minecraft:cobblestone":76,"minecraft:cooked_porkchop":2,"minecraft:birch_log":1,"minecraft:bucket":42},"minecraft:custom":{"minecraft:interact_with_anvil":2,"minecraft:mob_kills":36,"minecraft:interact_with_crafting_table":69,"minecraft:damage_dealt_resisted":76,"minecraft:eat_cake_slice":3,"minecraft:leave_game":7,"minecraft:time_since_death":21449,"minecraft:climb_one_cm":23476,"minecraft:sprint_one_cm":544977,"minecraft:walk_one_cm":516541,"minecraft:damage_blocked_by_shield":102,"minecraft:drop":102,"minecraft:talked_to_villager":3,"minecraft:play_time":279596,"minecraft:sneak_time":22561,"minecraft:deaths":7,"minecraft:walk_under_water_one_cm":40360,"minecraft:jump":4464,"minecraft:walk_on_water_one_cm":38896,"minecraft:total_world_time":279596,"minecraft:interact_with_furnace":78,"minecraft:sleep_in_bed":6,"minecraft:time_since_rest":7288,"minecraft:damage_absorbed":40,"minecraft:damage_taken":3009,"minecraft:damage_dealt":2785,"minecraft:player_kills":1,"minecraft:swim_one_cm":79418,"minecraft:fly_one_cm":559170,"minecraft:open_chest":205,"minecraft:crouch_one_cm":50334,"minecraft:interact_with_smoker":2,"minecraft:fall_one_cm":91719}},"DataVersion":3465}