{"stats":{"minecraft:crafted":{"notreepunching:fire_starter":1,"max_armory:handle":2,"minecraft:crafting_table":1,"notreepunching:iron_saw":1,"pointblank:gunmetal_ingot":1,"minecraft:spruce_planks":24,"max_armory:stone_long_sword":1,"max_armory:stone_hengdao":1,"minecraft:string":4,"minecraft:stick":14,"notreepunching:flint_axe":1,"notreepunching:flint_knife":2},"minecraft:killed":{"minecraft:sheep":2,"minecraft:zombie":3,"minecraft:cow":2},"minecraft:killed_by":{"minecraft:player":1,"minecraft:zombie":1},"minecraft:broken":{"notreepunching:flint_pickaxe":2,"notreepunching:fire_starter":1},"minecraft:dropped":{"notreepunching:flint_knife":2,"max_armory:stone_long_sword":1,"minecraft:stick":7,"minecraft:flint":1,"minecraft:spruce_planks":20,"notreepunching:flint_shard":4},"minecraft:mined":{"minecraft:crafting_table":1,"minecraft:torch":1,"projectvibrantjourneys:twigs":5,"minecraft:grass_block":11,"notreepunching:stone_loose_rock":3,"projectvibrantjourneys:mossy_rocks":1,"minecraft:cobblestone":2,"minecraft:spruce_leaves":1,"projectvibrantjourneys:bones":1,"minecraft:spruce_log":10,"minecraft:stripped_spruce_log":2,"minecraft:grass":4,"projectvibrantjourneys:short_grass":17,"minecraft:gravel":72,"minecraft:dirt":17,"minecraft:smooth_basalt":3,"minecraft:stone":69},"minecraft:used":{"notreepunching:flint_knife":1,"minecraft:torch":10,"minecraft:dirt":9,"minecraft:crafting_table":2,"minecraft:spruce_log":1,"minecraft:stripped_spruce_log":1,"notreepunching:stone_loose_rock":3,"notreepunching:flint_axe":16,"minecraft:bread":4,"notreepunching:flint_pickaxe":75,"minecraft:gravel":57,"minecraft:wooden_sword":31,"minecraft:cobblestone":2,"minecraft:beef":1},"minecraft:picked_up":{"minecraft:crafting_table":1,"minecraft:leather":4,"minecraft:flint":9,"minecraft:oak_log":9,"minecraft:shield":1,"minecraft:dirt":45,"minecraft:string":2,"notreepunching:flint_pickaxe":2,"minecraft:wooden_sword":1,"minecraft:leather_boots":1,"minecraft:bone":4,"usefulbackpacks:backpack_small":2,"minecraft:beef":6,"minecraft:iron_ingot":2,"notreepunching:flint_axe":1,"notreepunching:flint_shard":8,"pointblank:gunmetal_ingot":1,"projectvibrantjourneys:light_brown_bark_mushroom":4,"minecraft:stick":26,"minecraft:smooth_basalt":4,"minecraft:torch":34,"minecraft:gravel":59,"pointblank:gunmetal_nugget":15,"minecraft:stripped_spruce_log":2,"minecraft:spruce_log":10,"minecraft:spider_eye":2,"alexsmobs:animal_dictionary":1,"notreepunching:flint_knife":2,"minecraft:rotten_flesh":8,"notreepunching:iron_saw":1,"notreepunching:stone_loose_rock":7,"minecraft:bread":6,"alexsmobs:maggot":2,"minecraft:mutton":6,"minecraft:white_wool":4,"minecraft:cobblestone":118},"minecraft:custom":{"minecraft:interact_with_furnace":4,"minecraft:mob_kills":7,"minecraft:interact_with_crafting_table":14,"minecraft:leave_game":2,"minecraft:time_since_death":8552,"minecraft:time_since_rest":8581,"minecraft:sprint_one_cm":102609,"minecraft:damage_taken":533,"minecraft:walk_one_cm":109872,"minecraft:drop":16,"minecraft:damage_dealt":746,"minecraft:swim_one_cm":46100,"minecraft:fly_one_cm":83899,"minecraft:crouch_one_cm":8025,"minecraft:play_time":68057,"minecraft:deaths":2,"minecraft:sneak_time":3618,"minecraft:walk_under_water_one_cm":4479,"minecraft:jump":812,"minecraft:walk_on_water_one_cm":7899,"minecraft:total_world_time":68057,"minecraft:fall_one_cm":13373}},"DataVersion":3465}