{"stats":{"minecraft:crafted":{"minecraft:crafting_table":1,"minecraft:furnace":1,"minecraft:cooked_mutton":5,"minecraft:air":0,"minecraft:string":4,"notreepunching:flint_pickaxe":8,"minecraft:ladder":3,"minecraft:stick":18,"notreepunching:flint_axe":1,"minecraft:torch":64},"minecraft:killed":{"hordes:zombie_player":3,"minecraft:zombie_villager":1,"minecraft:creeper":1,"minecraft:phantom":1,"minecraft:sheep":1,"alexsmobs:blue_jay":2,"minecraft:zombie":14,"alexsmobs:terrapin":2,"alexsmobs:fly":1},"minecraft:killed_by":{"minecraft:player":1,"minecraft:zombie":1},"minecraft:broken":{"notreepunching:flint_pickaxe":2},"minecraft:dropped":{"minecraft:gravel":3,"minecraft:iron_ingot":2,"notreepunching:flint_knife":1,"minecraft:blackstone":10,"alexsmobs:maggot":1,"projectvibrantjourneys:birch_hollow_log":1,"minecraft:oak_log":5,"minecraft:raw_iron":2,"minecraft:cobblestone":29,"notreepunching:flint_axe":2,"minecraft:cooked_mutton":3,"minecraft:white_bed":1,"pointblank:gunmetal_nugget":7,"max_armory:stone_long_sword":1,"minecraft:stick":2,"minecraft:flint":2,"minecraft:shield":1,"minecraft:torch":32,"minecraft:leather_boots":1,"usefulbackpacks:backpack_small":2,"notreepunching:flint_pickaxe":8,"notreepunching:flint_shard":2,"minecraft:string":8},"minecraft:mined":{"minecraft:tuff":5,"minecraft:blackstone":15,"projectvibrantjourneys:rocks":4,"minecraft:crafting_table":1,"projectvibrantjourneys:twigs":27,"minecraft:grass_block":8,"notreepunching:stone_loose_rock":8,"projectvibrantjourneys:mossy_rocks":1,"projectvibrantjourneys:natural_cobweb":6,"minecraft:copper_ore":1,"minecraft:cobblestone":17,"minecraft:spruce_leaves":8,"projectvibrantjourneys:fallen_leaves":5,"minecraft:raw_iron_block":2,"minecraft:wall_torch":2,"projectvibrantjourneys:light_brown_bark_mushroom":1,"minecraft:coarse_dirt":2,"minecraft:iron_ore":2,"minecraft:spruce_log":11,"projectvibrantjourneys:bones":6,"minecraft:grass":37,"minecraft:coal_ore":5,"projectvibrantjourneys:short_grass":146,"minecraft:oak_log":5,"minecraft:gravel":211,"minecraft:dirt":37,"minecraft:smooth_basalt":17,"minecraft:stone":161,"minecraft:white_wool":2,"minecraft:oak_leaves":1},"minecraft:picked_up":{"minecraft:crafting_table":1,"minecraft:coarse_dirt":2,"projectvibrantjourneys:fallen_leaves":8,"projectvibrantjourneys:birch_hollow_log":2,"minecraft:flint":22,"minecraft:tuff":7,"minecraft:oak_log":17,"minecraft:shield":2,"minecraft:gunpowder":4,"minecraft:dirt":46,"minecraft:string":21,"minecraft:raw_copper":5,"notreepunching:flint_pickaxe":4,"minecraft:wooden_sword":1,"minecraft:leather_boots":2,"minecraft:bone":11,"minecraft:blackstone":25,"minecraft:apple":1,"minecraft:wheat_seeds":38,"usefulbackpacks:backpack_small":3,"minecraft:spruce_planks":20,"minecraft:beef":2,"minecraft:iron_ingot":2,"minecraft:oak_planks":8,"notreepunching:flint_axe":2,"notreepunching:flint_shard":34,"minecraft:raw_iron":4,"projectvibrantjourneys:light_brown_bark_mushroom":2,"minecraft:stick":65,"minecraft:smooth_basalt":23,"minecraft:sweet_berries":66,"minecraft:torch":5,"minecraft:raw_iron_block":2,"minecraft:gravel":209,"pointblank:gunmetal_nugget":18,"minecraft:spruce_sapling":6,"minecraft:spruce_log":11,"minecraft:spider_eye":1,"alexsmobs:animal_dictionary":1,"notreepunching:flint_knife":2,"minecraft:rotten_flesh":12,"notreepunching:stone_loose_rock":24,"minecraft:bread":3,"minecraft:oak_sapling":10,"alexsmobs:maggot":2,"projectvibrantjourneys:twigs":2,"minecraft:mutton":4,"minecraft:coal":5,"minecraft:white_wool":4,"minecraft:cobblestone":256,"max_armory:stone_long_sword":2},"minecraft:used":{"minecraft:cooked_mutton":2,"projectvibrantjourneys:light_brown_bark_mushroom":1,"max_armory:stone_long_sword":11,"minecraft:ladder":3,"minecraft:blackstone":13,"minecraft:spruce_planks":1,"minecraft:shield":10,"notreepunching:flint_knife":2,"minecraft:white_wool":2,"minecraft:torch":8,"minecraft:dirt":29,"minecraft:crafting_table":1,"minecraft:raw_iron_block":8,"minecraft:tuff":1,"notreepunching:stone_loose_rock":7,"notreepunching:flint_axe":22,"projectvibrantjourneys:fallen_leaves":2,"projectvibrantjourneys:twigs":2,"minecraft:grass_block":2,"minecraft:bread":11,"notreepunching:flint_pickaxe":235,"minecraft:gravel":199,"minecraft:wooden_sword":127,"minecraft:cobblestone":84,"minecraft:sweet_berries":8,"minecraft:furnace":1,"minecraft:coarse_dirt":1},"minecraft:custom":{"minecraft:interact_with_furnace":9,"minecraft:mob_kills":26,"minecraft:interact_with_crafting_table":30,"minecraft:leave_game":5,"minecraft:time_since_death":9018,"minecraft:sleep_in_bed":1,"minecraft:climb_one_cm":1099,"minecraft:time_since_rest":9047,"minecraft:sprint_one_cm":207492,"minecraft:walk_one_cm":169735,"minecraft:damage_taken":846,"minecraft:damage_blocked_by_shield":536,"minecraft:drop":41,"minecraft:damage_dealt":4274,"minecraft:player_kills":1,"minecraft:swim_one_cm":2349,"minecraft:fly_one_cm":206370,"minecraft:open_chest":3,"minecraft:crouch_one_cm":39612,"minecraft:sneak_time":17966,"minecraft:play_time":113001,"minecraft:deaths":2,"minecraft:walk_under_water_one_cm":6493,"minecraft:jump":1292,"minecraft:walk_on_water_one_cm":5029,"minecraft:total_world_time":113001,"minecraft:fall_one_cm":18437}},"DataVersion":3465}