{"stats":{"minecraft:crafted":{"notreepunching:flint_axe":1},"minecraft:killed":{"minecraft:sheep":1,"minecraft:zombie":7,"alexsmobs:blue_jay":2,"hordes:zombie_player":1,"alexsmobs:terrapin":2,"alexsmobs:fly":1,"minecraft:creeper":1},"minecraft:killed_by":{"minecraft:zombie":1},"minecraft:dropped":{"minecraft:iron_ingot":2,"notreepunching:flint_knife":1,"alexsmobs:maggot":1,"minecraft:oak_log":5,"usefulbackpacks:backpack_small":1,"minecraft:string":2,"pointblank:gunmetal_nugget":7,"minecraft:stick":2},"minecraft:mined":{"projectvibrantjourneys:light_brown_bark_mushroom":1,"minecraft:coarse_dirt":2,"projectvibrantjourneys:bones":6,"projectvibrantjourneys:rocks":4,"minecraft:oak_log":5,"minecraft:grass":37,"projectvibrantjourneys:twigs":27,"minecraft:grass_block":3,"projectvibrantjourneys:short_grass":143,"notreepunching:stone_loose_rock":8,"minecraft:dirt":3,"minecraft:gravel":49,"projectvibrantjourneys:mossy_rocks":1,"projectvibrantjourneys:natural_cobweb":3,"projectvibrantjourneys:fallen_leaves":5,"minecraft:white_wool":1,"minecraft:oak_leaves":1},"minecraft:picked_up":{"notreepunching:flint_shard":8,"projectvibrantjourneys:light_brown_bark_mushroom":1,"minecraft:stick":51,"minecraft:coarse_dirt":2,"minecraft:sweet_berries":46,"projectvibrantjourneys:fallen_leaves":8,"minecraft:gravel":47,"minecraft:flint":4,"pointblank:gunmetal_nugget":7,"minecraft:oak_log":5,"minecraft:shield":1,"minecraft:gunpowder":3,"alexsmobs:animal_dictionary":1,"minecraft:spider_eye":1,"minecraft:string":6,"minecraft:dirt":8,"notreepunching:flint_knife":2,"minecraft:wooden_sword":1,"minecraft:leather_boots":1,"minecraft:rotten_flesh":7,"minecraft:bone":11,"minecraft:wheat_seeds":38,"usefulbackpacks:backpack_small":1,"minecraft:iron_ingot":2,"notreepunching:stone_loose_rock":19,"minecraft:bread":3,"alexsmobs:maggot":2,"projectvibrantjourneys:twigs":2,"minecraft:mutton":4,"minecraft:white_wool":3},"minecraft:used":{"notreepunching:stone_loose_rock":2,"projectvibrantjourneys:light_brown_bark_mushroom":1,"projectvibrantjourneys:fallen_leaves":2,"projectvibrantjourneys:twigs":2,"minecraft:bread":10,"minecraft:gravel":46,"minecraft:white_wool":2,"minecraft:wooden_sword":75,"minecraft:dirt":8,"minecraft:coarse_dirt":1,"notreepunching:flint_axe":9},"minecraft:custom":{"minecraft:time_since_rest":21014,"minecraft:sprint_one_cm":143577,"minecraft:damage_taken":480,"minecraft:walk_one_cm":78628,"minecraft:mob_kills":15,"minecraft:drop":10,"minecraft:damage_dealt":2414,"minecraft:interact_with_crafting_table":3,"minecraft:fly_one_cm":129756,"minecraft:crouch_one_cm":7691,"minecraft:play_time":53001,"minecraft:deaths":1,"minecraft:sneak_time":3518,"minecraft:jump":552,"minecraft:leave_game":5,"minecraft:time_since_death":20976,"minecraft:total_world_time":53001,"minecraft:fall_one_cm":8914}},"DataVersion":3465}