{"stats":{"minecraft:crafted":{"minecraft:oak_planks":48,"minecraft:raw_iron":144,"minecraft:cobblestone_slab":30,"minecraft:furnace":1,"minecraft:cooked_mutton":5,"minecraft:iron_boots":1,"minecraft:iron_axe":1,"minecraft:ladder":3,"minecraft:chest":5,"max_armory:iron_machete":1,"minecraft:raw_iron_block":5,"minecraft:cooked_porkchop":23,"max_armory:handle":1,"minecraft:crafting_table":1,"pointblank:gunmetal_ingot":7,"minecraft:spruce_planks":44,"pointblank:m16a1":1,"minecraft:iron_helmet":1,"minecraft:bucket":4,"minecraft:air":0,"minecraft:string":4,"minecraft:iron_chestplate":1,"notreepunching:flint_pickaxe":8,"minecraft:stick":30,"minecraft:iron_ingot":69,"minecraft:iron_pickaxe":2,"minecraft:iron_shovel":1,"minecraft:iron_leggings":1,"notreepunching:flint_axe":1,"minecraft:torch":64},"minecraft:killed":{"hordes:zombie_player":4,"minecraft:phantom":1,"alexsmobs:blue_jay":2,"minecraft:drowned":1,"minecraft:pig":11,"minecraft:zombie_villager":1,"minecraft:creeper":1,"minecraft:sheep":9,"minecraft:zombie":33,"alexsmobs:terrapin":2,"alexsmobs:fly":1,"minecraft:cow":8},"minecraft:killed_by":{"minecraft:player":1,"minecraft:zombie":1},"minecraft:broken":{"notreepunching:flint_pickaxe":3},"minecraft:dropped":{"minecraft:iron_ingot":2,"notreepunching:flint_knife":2,"minecraft:oak_log":5,"notreepunching:iron_mattock":1,"pointblank:gunmetal_ingot":8,"minecraft:iron_helmet":1,"minecraft:cobblestone":29,"notreepunching:flint_axe":2,"minecraft:coal":2,"minecraft:golden_apple":1,"minecraft:stick":3,"minecraft:flint":2,"minecraft:lava_bucket":7,"minecraft:dirt":19,"max_armory:stone_long_sword":1,"minecraft:torch":41,"pointblank:m16a1":1,"minecraft:iron_leggings":1,"usefulbackpacks:backpack_small":2,"minecraft:raw_iron_block":5,"minecraft:iron_pickaxe":2,"minecraft:string":9,"minecraft:white_wool":1,"minecraft:smooth_basalt":2,"minecraft:bone":1,"minecraft:gravel":15,"minecraft:sweet_berries":23,"alexsmobs:maggot":2,"minecraft:blackstone":10,"projectvibrantjourneys:birch_hollow_log":1,"minecraft:iron_nugget":7,"alexsmobs:animal_dictionary":1,"minecraft:raw_copper":42,"minecraft:pointed_dripstone":1,"minecraft:raw_iron":148,"minecraft:rotten_flesh":8,"minecraft:iron_boots":1,"minecraft:cooked_mutton":3,"minecraft:white_bed":1,"pointblank:gunmetal_nugget":9,"pointblank_recipes:vics_a_rkit":1,"projectvibrantjourneys:light_brown_bark_mushroom":2,"minecraft:shield":2,"minecraft:gunpowder":29,"minecraft:iron_chestplate":1,"minecraft:golden_leggings":1,"minecraft:leather_boots":1,"max_armory:iron_machete":1,"minecraft:spider_eye":1,"notreepunching:flint_pickaxe":8,"notreepunching:flint_shard":2},"minecraft:mined":{"minecraft:tuff":9,"minecraft:white_bed":1,"projectvibrantjourneys:rocks":8,"minecraft:ladder":5,"minecraft:grass_block":10,"notreepunching:stone_loose_rock":8,"minecraft:spruce_leaves":8,"minecraft:raw_iron_block":8,"minecraft:iron_ore":13,"minecraft:cobblestone_slab":4,"minecraft:deepslate_iron_ore":7,"minecraft:stone":287,"minecraft:white_wool":3,"minecraft:blackstone":32,"minecraft:crafting_table":1,"minecraft:torch":1,"projectvibrantjourneys:twigs":27,"projectvibrantjourneys:mossy_rocks":3,"projectvibrantjourneys:natural_cobweb":6,"minecraft:copper_ore":23,"minecraft:cobblestone":51,"minecraft:grindstone":1,"projectvibrantjourneys:fallen_leaves":6,"minecraft:damaged_anvil":1,"minecraft:wall_torch":6,"projectvibrantjourneys:light_brown_bark_mushroom":1,"minecraft:coarse_dirt":2,"projectvibrantjourneys:bones":6,"minecraft:spruce_log":11,"minecraft:grass":37,"minecraft:oak_log":15,"minecraft:coal_ore":60,"projectvibrantjourneys:short_grass":146,"minecraft:gravel":211,"minecraft:dirt":45,"minecraft:smooth_basalt":22,"minecraft:oak_leaves":3},"minecraft:used":{"minecraft:iron_shovel":1,"minecraft:ladder":18,"minecraft:spruce_planks":14,"minecraft:chest":5,"minecraft:shield":11,"minecraft:torch":38,"minecraft:dirt":31,"minecraft:raw_iron_block":12,"minecraft:tuff":1,"minecraft:honey_bottle":2,"projectvibrantjourneys:fallen_leaves":2,"minecraft:iron_axe":20,"minecraft:grass_block":2,"notreepunching:flint_pickaxe":262,"minecraft:golden_carrot":2,"minecraft:sweet_berries":25,"minecraft:furnace":1,"minecraft:cooked_mutton":2,"max_armory:iron_machete":114,"projectvibrantjourneys:light_brown_bark_mushroom":1,"minecraft:water_bucket":1,"max_armory:stone_long_sword":11,"farmersdelight:milk_bottle":4,"minecraft:blackstone":13,"minecraft:cobblestone_slab":34,"notreepunching:flint_knife":2,"minecraft:white_wool":2,"minecraft:golden_apple":3,"minecraft:crafting_table":1,"minecraft:white_bed":2,"notreepunching:stone_loose_rock":7,"notreepunching:flint_axe":22,"minecraft:apple":2,"projectvibrantjourneys:twigs":2,"minecraft:bread":13,"minecraft:iron_pickaxe":274,"minecraft:gravel":199,"minecraft:wooden_sword":127,"minecraft:cobblestone":291,"minecraft:potion":4,"minecraft:cooked_porkchop":1,"minecraft:bucket":8,"minecraft:coarse_dirt":1,"minecraft:splash_potion":3},"minecraft:picked_up":{"minecraft:iron_chestplate":1,"minecraft:coarse_dirt":2,"minecraft:crafting_table":1,"minecraft:ladder":5,"pointblank_recipes:elitex_a_rkit":1,"minecraft:shield":3,"minecraft:string":22,"minecraft:raw_copper":80,"notreepunching:flint_pickaxe":4,"minecraft:wooden_sword":1,"minecraft:iron_leggings":1,"minecraft:blackstone":26,"usefulbackpacks:backpack_small":3,"minecraft:bucket":3,"minecraft:spruce_planks":20,"minecraft:beef":18,"minecraft:cobblestone_slab":4,"minecraft:iron_pickaxe":2,"minecraft:iron_boots":1,"notreepunching:flint_axe":2,"notreepunching:flint_shard":34,"minecraft:stick":69,"minecraft:raw_iron":22,"minecraft:torch":29,"notreepunching:iron_mattock":1,"minecraft:porkchop":25,"pointblank:gunmetal_nugget":28,"minecraft:rotten_flesh":31,"projectvibrantjourneys:cattail":1,"minecraft:mutton":17,"minecraft:white_wool":14,"minecraft:cobblestone":411,"max_armory:stone_long_sword":2,"pointblank_recipes:vics_a_rkit":1,"projectvibrantjourneys:fallen_leaves":8,"minecraft:leather":7,"projectvibrantjourneys:birch_hollow_log":2,"minecraft:flint":22,"minecraft:tuff":11,"minecraft:oak_log":27,"minecraft:gunpowder":4,"minecraft:dirt":62,"max_armory:iron_machete":1,"minecraft:leather_boots":2,"minecraft:bone":14,"minecraft:apple":1,"minecraft:wheat_seeds":38,"minecraft:grindstone":1,"minecraft:iron_ingot":31,"minecraft:iron_sword":1,"minecraft:oak_planks":8,"projectvibrantjourneys:light_brown_bark_mushroom":5,"minecraft:smooth_basalt":29,"minecraft:sweet_berries":66,"minecraft:raw_iron_block":8,"minecraft:gravel":221,"minecraft:spruce_sapling":6,"minecraft:white_bed":1,"minecraft:spruce_log":11,"alexsmobs:animal_dictionary":2,"minecraft:spider_eye":1,"notreepunching:flint_knife":3,"minecraft:slime_ball":1,"minecraft:iron_helmet":1,"notreepunching:stone_loose_rock":24,"minecraft:bread":3,"alexsmobs:maggot":3,"minecraft:damaged_anvil":1,"minecraft:oak_sapling":14,"projectvibrantjourneys:twigs":2,"minecraft:coal":59},"minecraft:custom":{"minecraft:mob_kills":74,"minecraft:interact_with_crafting_table":57,"minecraft:open_barrel":1,"minecraft:damage_dealt_resisted":35,"minecraft:leave_game":5,"minecraft:time_since_death":105018,"minecraft:climb_one_cm":13656,"minecraft:sprint_one_cm":403690,"minecraft:walk_one_cm":329737,"minecraft:damage_blocked_by_shield":584,"minecraft:drop":112,"minecraft:play_time":209001,"minecraft:deaths":2,"minecraft:sneak_time":32663,"minecraft:walk_under_water_one_cm":13028,"minecraft:jump":2762,"minecraft:walk_on_water_one_cm":14281,"minecraft:total_world_time":209001,"minecraft:interact_with_furnace":50,"minecraft:sleep_in_bed":2,"minecraft:time_since_rest":14612,"minecraft:damage_taken":997,"minecraft:damage_absorbed":64,"minecraft:damage_dealt":11592,"minecraft:swim_one_cm":4626,"minecraft:fly_one_cm":642111,"minecraft:player_kills":1,"minecraft:open_chest":85,"minecraft:crouch_one_cm":83083,"minecraft:fall_one_cm":41655}},"DataVersion":3465}