{"stats":{"minecraft:crafted":{"notreepunching:flint_pickaxe":2,"notreepunching:flint_axe":1},"minecraft:killed":{"hordes:zombie_player":1,"minecraft:creeper":1,"minecraft:sheep":1,"alexsmobs:blue_jay":2,"minecraft:zombie":7,"alexsmobs:terrapin":2,"alexsmobs:fly":1},"minecraft:killed_by":{"minecraft:zombie":1},"minecraft:dropped":{"minecraft:iron_ingot":2,"notreepunching:flint_knife":1,"alexsmobs:maggot":1,"minecraft:oak_log":5,"pointblank:gunmetal_nugget":7,"minecraft:stick":2,"usefulbackpacks:backpack_small":1,"notreepunching:flint_pickaxe":1,"minecraft:string":2},"minecraft:mined":{"projectvibrantjourneys:rocks":4,"projectvibrantjourneys:twigs":27,"minecraft:grass_block":4,"notreepunching:stone_loose_rock":8,"projectvibrantjourneys:mossy_rocks":1,"projectvibrantjourneys:natural_cobweb":5,"minecraft:spruce_leaves":7,"projectvibrantjourneys:fallen_leaves":5,"projectvibrantjourneys:light_brown_bark_mushroom":1,"minecraft:coarse_dirt":2,"projectvibrantjourneys:bones":6,"minecraft:grass":37,"projectvibrantjourneys:short_grass":143,"minecraft:oak_log":5,"minecraft:gravel":55,"minecraft:dirt":29,"minecraft:stone":27,"minecraft:white_wool":1,"minecraft:oak_leaves":1},"minecraft:used":{"projectvibrantjourneys:light_brown_bark_mushroom":1,"minecraft:white_wool":2,"minecraft:dirt":14,"notreepunching:stone_loose_rock":4,"notreepunching:flint_axe":9,"projectvibrantjourneys:fallen_leaves":2,"projectvibrantjourneys:twigs":2,"minecraft:bread":10,"notreepunching:flint_pickaxe":28,"minecraft:gravel":50,"minecraft:wooden_sword":89,"minecraft:coarse_dirt":1},"minecraft:picked_up":{"minecraft:coarse_dirt":2,"projectvibrantjourneys:fallen_leaves":8,"minecraft:flint":6,"minecraft:oak_log":5,"minecraft:shield":1,"minecraft:gunpowder":3,"minecraft:dirt":34,"minecraft:string":8,"minecraft:wooden_sword":1,"minecraft:leather_boots":1,"minecraft:bone":11,"minecraft:wheat_seeds":38,"usefulbackpacks:backpack_small":1,"minecraft:spruce_planks":20,"minecraft:iron_ingot":2,"notreepunching:flint_shard":10,"projectvibrantjourneys:light_brown_bark_mushroom":1,"minecraft:stick":51,"minecraft:smooth_basalt":1,"minecraft:sweet_berries":51,"minecraft:gravel":55,"pointblank:gunmetal_nugget":7,"minecraft:spider_eye":1,"alexsmobs:animal_dictionary":1,"notreepunching:flint_knife":2,"minecraft:rotten_flesh":7,"notreepunching:stone_loose_rock":20,"minecraft:bread":3,"alexsmobs:maggot":2,"projectvibrantjourneys:twigs":2,"minecraft:mutton":4,"minecraft:white_wool":3,"minecraft:cobblestone":30},"minecraft:custom":{"minecraft:mob_kills":15,"minecraft:interact_with_crafting_table":16,"minecraft:leave_game":5,"minecraft:time_since_death":32976,"minecraft:time_since_rest":33014,"minecraft:sprint_one_cm":156360,"minecraft:walk_one_cm":89077,"minecraft:damage_taken":480,"minecraft:drop":11,"minecraft:damage_dealt":2414,"minecraft:fly_one_cm":145277,"minecraft:crouch_one_cm":15032,"minecraft:sneak_time":6693,"minecraft:play_time":65001,"minecraft:deaths":1,"minecraft:jump":663,"minecraft:total_world_time":65001,"minecraft:fall_one_cm":11387}},"DataVersion":3465}