{"stats":{"minecraft:killed":{"minecraft:sheep":1,"alexsmobs:blue_jay":2,"alexsmobs:terrapin":2,"alexsmobs:fly":1,"minecraft:creeper":1},"minecraft:dropped":{"usefulbackpacks:backpack_small":1},"minecraft:mined":{"projectvibrantjourneys:light_brown_bark_mushroom":1,"projectvibrantjourneys:bones":5,"projectvibrantjourneys:rocks":4,"minecraft:grass":37,"projectvibrantjourneys:twigs":24,"minecraft:grass_block":2,"projectvibrantjourneys:short_grass":141,"notreepunching:stone_loose_rock":8,"minecraft:gravel":12,"projectvibrantjourneys:mossy_rocks":1,"projectvibrantjourneys:natural_cobweb":3,"projectvibrantjourneys:fallen_leaves":5,"minecraft:white_wool":1,"minecraft:oak_leaves":1},"minecraft:picked_up":{"projectvibrantjourneys:light_brown_bark_mushroom":1,"minecraft:stick":24,"minecraft:sweet_berries":23,"projectvibrantjourneys:fallen_leaves":5,"minecraft:gravel":12,"minecraft:string":3,"minecraft:dirt":2,"minecraft:bone":5,"minecraft:wheat_seeds":19,"notreepunching:stone_loose_rock":8,"alexsmobs:maggot":1,"projectvibrantjourneys:twigs":2,"minecraft:mutton":2,"minecraft:white_wool":2},"minecraft:used":{"notreepunching:stone_loose_rock":1,"projectvibrantjourneys:light_brown_bark_mushroom":1,"projectvibrantjourneys:fallen_leaves":2,"projectvibrantjourneys:twigs":2,"minecraft:bread":8,"minecraft:gravel":12,"minecraft:white_wool":1,"minecraft:wooden_sword":25,"minecraft:dirt":2},"minecraft:custom":{"minecraft:time_since_rest":31812,"minecraft:sprint_one_cm":120964,"minecraft:damage_taken":140,"minecraft:walk_one_cm":39832,"minecraft:mob_kills":7,"minecraft:drop":1,"minecraft:damage_dealt":605,"minecraft:fly_one_cm":60030,"minecraft:crouch_one_cm":1655,"minecraft:play_time":31812,"minecraft:sneak_time":1064,"minecraft:jump":347,"minecraft:leave_game":5,"minecraft:time_since_death":31812,"minecraft:total_world_time":31812,"minecraft:fall_one_cm":8159}},"DataVersion":3465}