{"stats":{"minecraft:crafted":{"minecraft:oak_planks":48,"minecraft:raw_iron":144,"minecraft:furnace":1,"minecraft:cooked_mutton":5,"minecraft:iron_boots":1,"minecraft:iron_axe":1,"minecraft:ladder":3,"minecraft:chest":3,"max_armory:iron_machete":1,"max_armory:handle":1,"minecraft:crafting_table":1,"minecraft:iron_helmet":1,"minecraft:air":0,"minecraft:string":4,"minecraft:iron_chestplate":1,"notreepunching:flint_pickaxe":8,"minecraft:stick":30,"minecraft:iron_ingot":57,"minecraft:iron_pickaxe":2,"minecraft:iron_shovel":1,"minecraft:iron_leggings":1,"notreepunching:flint_axe":1,"minecraft:torch":64},"minecraft:killed":{"hordes:zombie_player":3,"minecraft:phantom":1,"alexsmobs:blue_jay":2,"minecraft:zombie_villager":1,"minecraft:creeper":1,"minecraft:sheep":1,"minecraft:zombie":16,"alexsmobs:terrapin":2,"alexsmobs:fly":1},"minecraft:killed_by":{"minecraft:player":1,"minecraft:zombie":1},"minecraft:broken":{"notreepunching:flint_pickaxe":3},"minecraft:dropped":{"minecraft:iron_ingot":2,"notreepunching:flint_knife":2,"minecraft:oak_log":5,"notreepunching:iron_mattock":1,"minecraft:iron_helmet":1,"minecraft:cobblestone":29,"notreepunching:flint_axe":2,"minecraft:stick":2,"minecraft:flint":2,"max_armory:stone_long_sword":1,"minecraft:torch":32,"minecraft:iron_leggings":1,"usefulbackpacks:backpack_small":2,"minecraft:iron_pickaxe":2,"minecraft:string":9,"minecraft:white_wool":1,"minecraft:bone":1,"minecraft:gravel":3,"minecraft:sweet_berries":23,"alexsmobs:maggot":1,"minecraft:blackstone":10,"projectvibrantjourneys:birch_hollow_log":1,"minecraft:raw_copper":42,"minecraft:raw_iron":148,"minecraft:rotten_flesh":2,"minecraft:iron_boots":1,"minecraft:cooked_mutton":3,"minecraft:white_bed":1,"pointblank:gunmetal_nugget":9,"minecraft:shield":2,"minecraft:gunpowder":29,"minecraft:iron_chestplate":1,"minecraft:leather_boots":1,"max_armory:iron_machete":1,"notreepunching:flint_pickaxe":8,"notreepunching:flint_shard":2},"minecraft:mined":{"minecraft:tuff":9,"projectvibrantjourneys:rocks":5,"minecraft:grass_block":10,"notreepunching:stone_loose_rock":8,"minecraft:spruce_leaves":8,"minecraft:raw_iron_block":8,"minecraft:iron_ore":2,"minecraft:stone":209,"minecraft:white_wool":2,"minecraft:blackstone":15,"minecraft:crafting_table":1,"projectvibrantjourneys:twigs":27,"projectvibrantjourneys:mossy_rocks":2,"projectvibrantjourneys:natural_cobweb":6,"minecraft:copper_ore":14,"minecraft:cobblestone":27,"projectvibrantjourneys:fallen_leaves":6,"minecraft:wall_torch":3,"projectvibrantjourneys:light_brown_bark_mushroom":1,"minecraft:coarse_dirt":2,"projectvibrantjourneys:bones":6,"minecraft:spruce_log":11,"minecraft:grass":37,"minecraft:oak_log":5,"minecraft:coal_ore":5,"projectvibrantjourneys:short_grass":146,"minecraft:gravel":211,"minecraft:dirt":45,"minecraft:smooth_basalt":19,"minecraft:oak_leaves":1},"minecraft:used":{"minecraft:iron_shovel":1,"minecraft:ladder":3,"minecraft:spruce_planks":1,"minecraft:chest":3,"minecraft:shield":10,"minecraft:torch":10,"minecraft:dirt":31,"minecraft:raw_iron_block":12,"minecraft:tuff":1,"minecraft:honey_bottle":2,"projectvibrantjourneys:fallen_leaves":2,"minecraft:grass_block":2,"notreepunching:flint_pickaxe":262,"minecraft:golden_carrot":1,"minecraft:sweet_berries":9,"minecraft:furnace":1,"minecraft:cooked_mutton":2,"max_armory:iron_machete":15,"projectvibrantjourneys:light_brown_bark_mushroom":1,"max_armory:stone_long_sword":11,"farmersdelight:milk_bottle":4,"minecraft:blackstone":13,"notreepunching:flint_knife":2,"minecraft:white_wool":2,"minecraft:golden_apple":3,"minecraft:crafting_table":1,"minecraft:white_bed":1,"notreepunching:stone_loose_rock":7,"notreepunching:flint_axe":22,"minecraft:apple":2,"projectvibrantjourneys:twigs":2,"minecraft:bread":13,"minecraft:iron_pickaxe":60,"minecraft:gravel":199,"minecraft:wooden_sword":127,"minecraft:cobblestone":141,"minecraft:potion":4,"minecraft:coarse_dirt":1,"minecraft:splash_potion":3},"minecraft:picked_up":{"minecraft:iron_chestplate":1,"minecraft:coarse_dirt":2,"minecraft:crafting_table":1,"minecraft:shield":3,"minecraft:string":21,"minecraft:raw_copper":47,"notreepunching:flint_pickaxe":4,"minecraft:wooden_sword":1,"minecraft:iron_leggings":1,"minecraft:blackstone":25,"usefulbackpacks:backpack_small":3,"minecraft:bucket":1,"minecraft:spruce_planks":20,"minecraft:beef":2,"minecraft:iron_pickaxe":2,"minecraft:iron_boots":1,"notreepunching:flint_axe":2,"notreepunching:flint_shard":34,"minecraft:stick":65,"minecraft:raw_iron":4,"minecraft:torch":25,"notreepunching:iron_mattock":1,"pointblank:gunmetal_nugget":20,"minecraft:rotten_flesh":14,"minecraft:mutton":4,"minecraft:white_wool":5,"minecraft:cobblestone":315,"max_armory:stone_long_sword":2,"projectvibrantjourneys:fallen_leaves":8,"projectvibrantjourneys:birch_hollow_log":2,"minecraft:flint":22,"minecraft:tuff":11,"minecraft:oak_log":17,"minecraft:gunpowder":4,"minecraft:dirt":61,"max_armory:iron_machete":1,"minecraft:leather_boots":2,"minecraft:bone":12,"minecraft:apple":1,"minecraft:wheat_seeds":38,"minecraft:iron_ingot":31,"minecraft:oak_planks":8,"projectvibrantjourneys:light_brown_bark_mushroom":3,"minecraft:smooth_basalt":25,"minecraft:sweet_berries":66,"minecraft:raw_iron_block":8,"minecraft:gravel":209,"minecraft:spruce_sapling":6,"minecraft:spruce_log":11,"alexsmobs:animal_dictionary":1,"minecraft:spider_eye":1,"notreepunching:flint_knife":3,"minecraft:iron_helmet":1,"notreepunching:stone_loose_rock":24,"minecraft:bread":3,"alexsmobs:maggot":2,"minecraft:oak_sapling":10,"projectvibrantjourneys:twigs":2,"minecraft:coal":5},"minecraft:custom":{"minecraft:mob_kills":28,"minecraft:interact_with_crafting_table":46,"minecraft:leave_game":5,"minecraft:time_since_death":45018,"minecraft:climb_one_cm":1787,"minecraft:sprint_one_cm":256223,"minecraft:walk_one_cm":219582,"minecraft:damage_blocked_by_shield":536,"minecraft:drop":84,"minecraft:play_time":149001,"minecraft:deaths":2,"minecraft:sneak_time":20786,"minecraft:walk_under_water_one_cm":9447,"minecraft:jump":1652,"minecraft:walk_on_water_one_cm":6999,"minecraft:total_world_time":149001,"minecraft:interact_with_furnace":26,"minecraft:sleep_in_bed":1,"minecraft:time_since_rest":45047,"minecraft:damage_taken":877,"minecraft:damage_absorbed":64,"minecraft:damage_dealt":5197,"minecraft:swim_one_cm":3387,"minecraft:fly_one_cm":261941,"minecraft:player_kills":1,"minecraft:open_chest":30,"minecraft:crouch_one_cm":48698,"minecraft:fall_one_cm":24666}},"DataVersion":3465}