{"stats":{"minecraft:killed":{"minecraft:sheep":1,"minecraft:zombie":7,"alexsmobs:blue_jay":2,"hordes:zombie_player":1,"alexsmobs:terrapin":2,"alexsmobs:fly":1,"minecraft:creeper":1},"minecraft:killed_by":{"minecraft:zombie":1},"minecraft:dropped":{"minecraft:iron_ingot":2,"notreepunching:flint_knife":1,"usefulbackpacks:backpack_small":1,"pointblank:gunmetal_nugget":7},"minecraft:mined":{"projectvibrantjourneys:light_brown_bark_mushroom":1,"minecraft:coarse_dirt":1,"projectvibrantjourneys:bones":5,"projectvibrantjourneys:rocks":4,"minecraft:grass":37,"projectvibrantjourneys:twigs":24,"minecraft:grass_block":3,"projectvibrantjourneys:short_grass":141,"notreepunching:stone_loose_rock":8,"minecraft:dirt":3,"minecraft:gravel":31,"projectvibrantjourneys:mossy_rocks":1,"projectvibrantjourneys:natural_cobweb":3,"projectvibrantjourneys:fallen_leaves":5,"minecraft:white_wool":1,"minecraft:oak_leaves":1},"minecraft:picked_up":{"notreepunching:flint_shard":2,"projectvibrantjourneys:light_brown_bark_mushroom":1,"minecraft:stick":48,"minecraft:coarse_dirt":1,"minecraft:sweet_berries":46,"projectvibrantjourneys:fallen_leaves":8,"minecraft:gravel":31,"minecraft:flint":1,"pointblank:gunmetal_nugget":7,"minecraft:shield":1,"minecraft:gunpowder":3,"alexsmobs:animal_dictionary":1,"minecraft:spider_eye":1,"minecraft:string":6,"minecraft:dirt":7,"notreepunching:flint_knife":2,"minecraft:wooden_sword":1,"minecraft:leather_boots":1,"minecraft:rotten_flesh":7,"minecraft:bone":10,"minecraft:wheat_seeds":38,"usefulbackpacks:backpack_small":1,"minecraft:iron_ingot":2,"notreepunching:stone_loose_rock":16,"minecraft:bread":3,"alexsmobs:maggot":2,"projectvibrantjourneys:twigs":2,"minecraft:mutton":4,"minecraft:white_wool":3},"minecraft:used":{"notreepunching:stone_loose_rock":2,"projectvibrantjourneys:light_brown_bark_mushroom":1,"projectvibrantjourneys:fallen_leaves":2,"projectvibrantjourneys:twigs":2,"minecraft:bread":8,"minecraft:gravel":29,"minecraft:white_wool":1,"minecraft:wooden_sword":73,"minecraft:dirt":7,"minecraft:coarse_dirt":1},"minecraft:custom":{"minecraft:time_since_rest":9014,"minecraft:sprint_one_cm":133511,"minecraft:damage_taken":415,"minecraft:walk_one_cm":55447,"minecraft:mob_kills":15,"minecraft:drop":4,"minecraft:damage_dealt":2414,"minecraft:fly_one_cm":120775,"minecraft:crouch_one_cm":4884,"minecraft:play_time":41001,"minecraft:deaths":1,"minecraft:sneak_time":2401,"minecraft:jump":455,"minecraft:leave_game":5,"minecraft:time_since_death":8976,"minecraft:total_world_time":41001,"minecraft:fall_one_cm":8159}},"DataVersion":3465}