{"stats":{"minecraft:crafted":{"minecraft:oak_planks":48,"minecraft:raw_iron":144,"minecraft:furnace":1,"minecraft:cooked_mutton":5,"minecraft:iron_boots":1,"minecraft:iron_axe":1,"minecraft:ladder":3,"minecraft:chest":3,"max_armory:iron_machete":1,"max_armory:handle":1,"minecraft:crafting_table":1,"minecraft:iron_helmet":1,"minecraft:air":0,"minecraft:string":4,"minecraft:iron_chestplate":1,"notreepunching:flint_pickaxe":8,"minecraft:stick":30,"minecraft:iron_ingot":45,"minecraft:iron_pickaxe":2,"minecraft:iron_leggings":1,"notreepunching:flint_axe":1,"minecraft:torch":64},"minecraft:killed":{"hordes:zombie_player":3,"minecraft:phantom":1,"alexsmobs:blue_jay":2,"minecraft:zombie_villager":1,"minecraft:creeper":1,"minecraft:sheep":1,"minecraft:zombie":14,"alexsmobs:terrapin":2,"alexsmobs:fly":1},"minecraft:killed_by":{"minecraft:player":1,"minecraft:zombie":1},"minecraft:broken":{"notreepunching:flint_pickaxe":3},"minecraft:dropped":{"minecraft:iron_ingot":2,"notreepunching:flint_knife":1,"minecraft:oak_log":5,"minecraft:cobblestone":29,"notreepunching:flint_axe":2,"minecraft:stick":2,"minecraft:flint":2,"max_armory:stone_long_sword":1,"minecraft:torch":32,"usefulbackpacks:backpack_small":2,"minecraft:string":9,"minecraft:gravel":3,"alexsmobs:maggot":1,"minecraft:blackstone":10,"projectvibrantjourneys:birch_hollow_log":1,"minecraft:raw_iron":148,"minecraft:cooked_mutton":3,"minecraft:white_bed":1,"pointblank:gunmetal_nugget":7,"minecraft:shield":1,"minecraft:leather_boots":1,"notreepunching:flint_pickaxe":8,"notreepunching:flint_shard":2},"minecraft:mined":{"minecraft:tuff":9,"projectvibrantjourneys:rocks":4,"minecraft:grass_block":10,"notreepunching:stone_loose_rock":8,"minecraft:spruce_leaves":8,"minecraft:raw_iron_block":8,"minecraft:iron_ore":2,"minecraft:stone":167,"minecraft:white_wool":2,"minecraft:blackstone":15,"minecraft:crafting_table":1,"projectvibrantjourneys:twigs":27,"projectvibrantjourneys:mossy_rocks":1,"projectvibrantjourneys:natural_cobweb":6,"minecraft:copper_ore":1,"minecraft:cobblestone":22,"projectvibrantjourneys:fallen_leaves":5,"minecraft:wall_torch":3,"projectvibrantjourneys:light_brown_bark_mushroom":1,"minecraft:coarse_dirt":2,"projectvibrantjourneys:bones":6,"minecraft:spruce_log":11,"minecraft:grass":37,"minecraft:oak_log":5,"minecraft:coal_ore":5,"projectvibrantjourneys:short_grass":146,"minecraft:gravel":211,"minecraft:dirt":45,"minecraft:smooth_basalt":19,"minecraft:oak_leaves":1},"minecraft:used":{"minecraft:ladder":3,"minecraft:spruce_planks":1,"minecraft:chest":3,"minecraft:shield":10,"minecraft:torch":9,"minecraft:dirt":31,"minecraft:raw_iron_block":12,"minecraft:tuff":1,"projectvibrantjourneys:fallen_leaves":2,"minecraft:grass_block":2,"notreepunching:flint_pickaxe":262,"minecraft:sweet_berries":8,"minecraft:furnace":1,"minecraft:cooked_mutton":2,"projectvibrantjourneys:light_brown_bark_mushroom":1,"max_armory:stone_long_sword":11,"minecraft:blackstone":13,"notreepunching:flint_knife":2,"minecraft:white_wool":2,"minecraft:crafting_table":1,"notreepunching:stone_loose_rock":7,"notreepunching:flint_axe":22,"minecraft:apple":1,"projectvibrantjourneys:twigs":2,"minecraft:bread":11,"minecraft:gravel":199,"minecraft:wooden_sword":127,"minecraft:cobblestone":99,"minecraft:coarse_dirt":1},"minecraft:picked_up":{"minecraft:coarse_dirt":2,"minecraft:crafting_table":1,"minecraft:shield":2,"minecraft:string":21,"minecraft:raw_copper":5,"notreepunching:flint_pickaxe":4,"minecraft:wooden_sword":1,"minecraft:blackstone":25,"usefulbackpacks:backpack_small":3,"minecraft:spruce_planks":20,"minecraft:beef":2,"notreepunching:flint_axe":2,"notreepunching:flint_shard":34,"minecraft:stick":65,"minecraft:raw_iron":4,"minecraft:torch":7,"pointblank:gunmetal_nugget":18,"minecraft:rotten_flesh":12,"minecraft:mutton":4,"minecraft:white_wool":4,"minecraft:cobblestone":266,"max_armory:stone_long_sword":2,"projectvibrantjourneys:fallen_leaves":8,"projectvibrantjourneys:birch_hollow_log":2,"minecraft:flint":22,"minecraft:tuff":11,"minecraft:oak_log":17,"minecraft:gunpowder":4,"minecraft:dirt":61,"minecraft:leather_boots":2,"minecraft:bone":11,"minecraft:apple":1,"minecraft:wheat_seeds":38,"minecraft:iron_ingot":2,"minecraft:oak_planks":8,"projectvibrantjourneys:light_brown_bark_mushroom":2,"minecraft:smooth_basalt":25,"minecraft:sweet_berries":66,"minecraft:raw_iron_block":8,"minecraft:gravel":209,"minecraft:spruce_sapling":6,"minecraft:spruce_log":11,"alexsmobs:animal_dictionary":1,"minecraft:spider_eye":1,"notreepunching:flint_knife":2,"notreepunching:stone_loose_rock":24,"minecraft:bread":3,"alexsmobs:maggot":2,"minecraft:oak_sapling":10,"projectvibrantjourneys:twigs":2,"minecraft:coal":5},"minecraft:custom":{"minecraft:mob_kills":26,"minecraft:interact_with_crafting_table":46,"minecraft:leave_game":5,"minecraft:time_since_death":21018,"minecraft:climb_one_cm":1717,"minecraft:sprint_one_cm":215419,"minecraft:walk_one_cm":188113,"minecraft:damage_blocked_by_shield":536,"minecraft:drop":45,"minecraft:play_time":125001,"minecraft:deaths":2,"minecraft:sneak_time":19425,"minecraft:walk_under_water_one_cm":6493,"minecraft:jump":1427,"minecraft:walk_on_water_one_cm":5029,"minecraft:total_world_time":125001,"minecraft:interact_with_furnace":22,"minecraft:sleep_in_bed":1,"minecraft:time_since_rest":21047,"minecraft:damage_taken":846,"minecraft:damage_dealt":4274,"minecraft:swim_one_cm":2349,"minecraft:fly_one_cm":207601,"minecraft:player_kills":1,"minecraft:open_chest":20,"minecraft:crouch_one_cm":43150,"minecraft:fall_one_cm":18437}},"DataVersion":3465}