{"stats":{"minecraft:crafted":{"minecraft:furnace":1,"minecraft:cooked_mutton":5,"minecraft:air":0,"notreepunching:flint_pickaxe":2,"minecraft:ladder":3,"minecraft:stick":6,"notreepunching:flint_axe":1,"minecraft:torch":64},"minecraft:killed":{"hordes:zombie_player":3,"minecraft:zombie_villager":1,"minecraft:creeper":1,"minecraft:sheep":1,"alexsmobs:blue_jay":2,"minecraft:zombie":12,"alexsmobs:terrapin":2,"alexsmobs:fly":1},"minecraft:killed_by":{"minecraft:zombie":1},"minecraft:dropped":{"minecraft:iron_ingot":2,"notreepunching:flint_knife":1,"alexsmobs:maggot":1,"minecraft:oak_log":5,"pointblank:gunmetal_nugget":7,"minecraft:stick":2,"minecraft:torch":32,"usefulbackpacks:backpack_small":1,"notreepunching:flint_pickaxe":2,"minecraft:string":2},"minecraft:mined":{"projectvibrantjourneys:rocks":4,"minecraft:crafting_table":1,"projectvibrantjourneys:twigs":27,"minecraft:grass_block":7,"notreepunching:stone_loose_rock":8,"projectvibrantjourneys:mossy_rocks":1,"projectvibrantjourneys:natural_cobweb":5,"minecraft:spruce_leaves":7,"projectvibrantjourneys:fallen_leaves":5,"minecraft:wall_torch":1,"projectvibrantjourneys:light_brown_bark_mushroom":1,"minecraft:coarse_dirt":2,"projectvibrantjourneys:bones":6,"minecraft:grass":37,"minecraft:coal_ore":5,"projectvibrantjourneys:short_grass":143,"minecraft:oak_log":5,"minecraft:gravel":55,"minecraft:dirt":37,"minecraft:stone":33,"minecraft:white_wool":2,"minecraft:oak_leaves":1},"minecraft:picked_up":{"minecraft:crafting_table":1,"minecraft:coarse_dirt":2,"projectvibrantjourneys:fallen_leaves":8,"minecraft:flint":6,"minecraft:oak_log":5,"minecraft:shield":1,"minecraft:gunpowder":4,"minecraft:dirt":43,"minecraft:string":8,"minecraft:wooden_sword":1,"minecraft:leather_boots":1,"minecraft:bone":11,"minecraft:wheat_seeds":38,"usefulbackpacks:backpack_small":1,"minecraft:spruce_planks":20,"minecraft:iron_ingot":2,"notreepunching:flint_shard":10,"projectvibrantjourneys:light_brown_bark_mushroom":1,"minecraft:stick":51,"minecraft:smooth_basalt":1,"minecraft:sweet_berries":51,"minecraft:torch":1,"minecraft:gravel":55,"pointblank:gunmetal_nugget":14,"minecraft:spider_eye":1,"alexsmobs:animal_dictionary":1,"notreepunching:flint_knife":2,"minecraft:rotten_flesh":12,"notreepunching:stone_loose_rock":20,"minecraft:bread":3,"alexsmobs:maggot":2,"projectvibrantjourneys:twigs":2,"minecraft:mutton":4,"minecraft:coal":5,"minecraft:white_wool":4,"minecraft:cobblestone":37,"max_armory:stone_long_sword":1},"minecraft:used":{"minecraft:cooked_mutton":1,"projectvibrantjourneys:light_brown_bark_mushroom":1,"minecraft:ladder":3,"minecraft:shield":8,"notreepunching:flint_knife":2,"minecraft:white_wool":2,"minecraft:torch":2,"minecraft:dirt":29,"minecraft:crafting_table":1,"notreepunching:stone_loose_rock":4,"notreepunching:flint_axe":10,"projectvibrantjourneys:fallen_leaves":2,"projectvibrantjourneys:twigs":2,"minecraft:grass_block":2,"minecraft:bread":11,"notreepunching:flint_pickaxe":45,"minecraft:gravel":50,"minecraft:wooden_sword":127,"minecraft:sweet_berries":8,"minecraft:furnace":1,"minecraft:coarse_dirt":1},"minecraft:custom":{"minecraft:interact_with_furnace":5,"minecraft:mob_kills":23,"minecraft:interact_with_crafting_table":21,"minecraft:leave_game":5,"minecraft:time_since_death":44976,"minecraft:time_since_rest":45014,"minecraft:sprint_one_cm":172845,"minecraft:walk_one_cm":107030,"minecraft:damage_taken":576,"minecraft:damage_blocked_by_shield":442,"minecraft:drop":13,"minecraft:damage_dealt":3760,"minecraft:player_kills":1,"minecraft:swim_one_cm":1737,"minecraft:fly_one_cm":178123,"minecraft:crouch_one_cm":17882,"minecraft:sneak_time":8065,"minecraft:play_time":77001,"minecraft:deaths":1,"minecraft:walk_under_water_one_cm":730,"minecraft:jump":865,"minecraft:walk_on_water_one_cm":3647,"minecraft:total_world_time":77001,"minecraft:fall_one_cm":14553}},"DataVersion":3465}