{"stats":{"minecraft:killed":{"minecraft:pig":7,"minecraft:chicken":2,"minecraft:cow":1},"minecraft:mined":{"minecraft:grass":4,"projectvibrantjourneys:short_grass":1},"minecraft:used":{"minecraft:wooden_sword":47,"minecraft:bread":4,"minecraft:chest":1},"minecraft:picked_up":{"minecraft:feather":1,"minecraft:chicken":2,"minecraft:leather":2,"minecraft:wheat_seeds":3,"minecraft:beef":1,"minecraft:porkchop":16},"minecraft:custom":{"minecraft:time_since_rest":8376,"minecraft:open_chest":5,"minecraft:crouch_one_cm":3,"minecraft:damage_taken":139,"minecraft:play_time":8376,"minecraft:sprint_one_cm":25193,"minecraft:walk_one_cm":8370,"minecraft:sneak_time":19,"minecraft:mob_kills":10,"minecraft:jump":190,"minecraft:damage_dealt":871,"minecraft:time_since_death":8376,"minecraft:total_world_time":8376,"minecraft:fall_one_cm":6065,"minecraft:fly_one_cm":40670}},"DataVersion":3465}