{"stats":{"minecraft:crafted":{"minecraft:crafting_table":1,"minecraft:furnace":1,"minecraft:cooked_mutton":5,"minecraft:air":0,"minecraft:string":4,"notreepunching:flint_pickaxe":8,"minecraft:ladder":3,"minecraft:stick":18,"notreepunching:flint_axe":1,"minecraft:torch":64},"minecraft:killed":{"hordes:zombie_player":3,"minecraft:zombie_villager":1,"minecraft:creeper":1,"minecraft:sheep":1,"alexsmobs:blue_jay":2,"minecraft:zombie":12,"alexsmobs:terrapin":2,"alexsmobs:fly":1},"minecraft:killed_by":{"minecraft:zombie":1},"minecraft:broken":{"notreepunching:flint_pickaxe":2},"minecraft:dropped":{"minecraft:gravel":3,"minecraft:iron_ingot":2,"notreepunching:flint_knife":1,"alexsmobs:maggot":1,"minecraft:oak_log":5,"notreepunching:flint_axe":1,"minecraft:cooked_mutton":3,"pointblank:gunmetal_nugget":7,"minecraft:stick":2,"minecraft:flint":2,"minecraft:torch":32,"usefulbackpacks:backpack_small":1,"notreepunching:flint_pickaxe":5,"notreepunching:flint_shard":2,"minecraft:string":8},"minecraft:mined":{"minecraft:tuff":1,"minecraft:blackstone":10,"projectvibrantjourneys:rocks":4,"minecraft:crafting_table":1,"projectvibrantjourneys:twigs":27,"minecraft:grass_block":8,"notreepunching:stone_loose_rock":8,"projectvibrantjourneys:mossy_rocks":1,"projectvibrantjourneys:natural_cobweb":6,"minecraft:cobblestone":1,"minecraft:spruce_leaves":8,"projectvibrantjourneys:fallen_leaves":5,"minecraft:wall_torch":1,"projectvibrantjourneys:light_brown_bark_mushroom":1,"minecraft:coarse_dirt":2,"minecraft:iron_ore":2,"minecraft:spruce_log":11,"projectvibrantjourneys:bones":6,"minecraft:grass":37,"minecraft:coal_ore":5,"projectvibrantjourneys:short_grass":146,"minecraft:oak_log":5,"minecraft:gravel":210,"minecraft:dirt":37,"minecraft:smooth_basalt":10,"minecraft:stone":158,"minecraft:white_wool":2,"minecraft:oak_leaves":1},"minecraft:picked_up":{"minecraft:crafting_table":1,"minecraft:coarse_dirt":2,"projectvibrantjourneys:fallen_leaves":8,"minecraft:flint":21,"minecraft:tuff":1,"minecraft:oak_log":5,"minecraft:shield":1,"minecraft:gunpowder":4,"minecraft:dirt":46,"minecraft:string":20,"notreepunching:flint_pickaxe":1,"minecraft:wooden_sword":1,"minecraft:leather_boots":1,"minecraft:bone":11,"minecraft:blackstone":10,"minecraft:wheat_seeds":38,"usefulbackpacks:backpack_small":1,"minecraft:spruce_planks":20,"minecraft:beef":2,"minecraft:iron_ingot":2,"notreepunching:flint_axe":1,"notreepunching:flint_shard":34,"minecraft:raw_iron":2,"projectvibrantjourneys:light_brown_bark_mushroom":1,"minecraft:stick":62,"minecraft:smooth_basalt":11,"minecraft:sweet_berries":66,"minecraft:torch":1,"minecraft:gravel":209,"pointblank:gunmetal_nugget":14,"minecraft:spruce_sapling":5,"minecraft:spruce_log":11,"minecraft:spider_eye":1,"alexsmobs:animal_dictionary":1,"notreepunching:flint_knife":2,"minecraft:rotten_flesh":12,"notreepunching:stone_loose_rock":24,"minecraft:bread":3,"alexsmobs:maggot":2,"projectvibrantjourneys:twigs":2,"minecraft:mutton":4,"minecraft:coal":5,"minecraft:white_wool":4,"minecraft:cobblestone":163,"max_armory:stone_long_sword":1},"minecraft:used":{"minecraft:cooked_mutton":2,"projectvibrantjourneys:light_brown_bark_mushroom":1,"max_armory:stone_long_sword":2,"minecraft:ladder":3,"minecraft:spruce_planks":1,"minecraft:shield":8,"notreepunching:flint_knife":2,"minecraft:white_wool":2,"minecraft:torch":5,"minecraft:dirt":29,"minecraft:crafting_table":1,"minecraft:tuff":1,"notreepunching:stone_loose_rock":7,"notreepunching:flint_axe":22,"projectvibrantjourneys:fallen_leaves":2,"projectvibrantjourneys:twigs":2,"minecraft:grass_block":2,"minecraft:bread":11,"notreepunching:flint_pickaxe":194,"minecraft:gravel":199,"minecraft:wooden_sword":127,"minecraft:cobblestone":24,"minecraft:sweet_berries":8,"minecraft:furnace":1,"minecraft:coarse_dirt":1},"minecraft:custom":{"minecraft:interact_with_furnace":8,"minecraft:mob_kills":23,"minecraft:interact_with_crafting_table":30,"minecraft:leave_game":5,"minecraft:time_since_death":68976,"minecraft:climb_one_cm":1043,"minecraft:time_since_rest":69014,"minecraft:sprint_one_cm":194898,"minecraft:walk_one_cm":147017,"minecraft:damage_taken":576,"minecraft:damage_blocked_by_shield":442,"minecraft:drop":28,"minecraft:damage_dealt":3774,"minecraft:player_kills":1,"minecraft:swim_one_cm":2349,"minecraft:fly_one_cm":197210,"minecraft:crouch_one_cm":28638,"minecraft:sneak_time":14172,"minecraft:play_time":101001,"minecraft:deaths":1,"minecraft:walk_under_water_one_cm":1342,"minecraft:jump":1196,"minecraft:walk_on_water_one_cm":4296,"minecraft:total_world_time":101001,"minecraft:fall_one_cm":16492}},"DataVersion":3465}